date,unit_nav,cum_nav,ret_pct
2019-06-12,0.253,0.253,0.0
2019-06-13,0.25,0.25,-1.1857707509881465
2019-06-14,0.242,0.242,-3.200000000000003
2019-06-17,0.239,0.239,-1.2396694214875992
2019-06-18,0.236,0.236,-1.2552301255230103
2019-06-19,0.244,0.244,3.3898305084745894
2019-06-20,0.248,0.248,1.6393442622950838
2019-06-21,0.252,0.252,1.6129032258064502
2019-06-24,0.253,0.253,0.3968253968253954
2019-06-25,0.248,0.248,-1.9762845849802368
2019-06-26,0.25,0.25,0.8064516129032251
2019-06-27,0.256,0.256,2.400000000000002
2019-06-28,0.251,0.251,-1.953125
2019-07-01,0.262,0.262,4.3824701195219085
2019-07-02,0.258,0.258,-1.526717557251911
2019-07-03,0.254,0.254,-1.5503875968992276
2019-07-04,0.251,0.251,-1.1811023622047223
2019-07-05,0.253,0.253,0.7968127490039834
2019-07-08,0.242,0.242,-4.34782608695653
2019-07-09,0.243,0.243,0.4132231404958775
2019-07-10,0.246,0.246,1.2345679012345734
2019-07-11,0.243,0.243,-1.2195121951219523
2019-07-12,0.242,0.242,-0.4115226337448541
2019-07-15,0.25,0.25,3.3057851239669533
2019-07-16,0.251,0.251,0.40000000000000036
2019-07-17,0.257,0.257,2.39043824701195
2019-07-18,0.252,0.252,-1.945525291828798
2019-07-19,0.254,0.254,0.7936507936507908
2019-07-22,0.25,0.25,-1.5748031496062964
2019-07-23,0.253,0.253,1.200000000000001
2019-07-24,0.259,0.259,2.371541501976293
2019-07-25,0.264,0.264,1.9305019305019266
2019-07-26,0.263,0.263,-0.37878787878787845
2019-07-29,0.267,0.267,1.520912547528508
2019-07-30,0.263,0.263,-1.4981273408239737
2019-07-31,0.266,0.266,1.1406844106463865
2019-08-01,0.263,0.263,-1.1278195488721776
2019-08-02,0.261,0.261,-0.760456273764254
2019-08-05,0.257,0.257,-1.532567049808431
2019-08-06,0.25,0.25,-2.7237354085603127
2019-08-07,0.245,0.245,-2.0000000000000018
2019-08-08,0.252,0.252,2.857142857142869
2019-08-09,0.247,0.247,-1.9841269841269882
2019-08-12,0.257,0.257,4.048582995951411
2019-08-13,0.255,0.255,-0.7782101167315147
2019-08-14,0.257,0.257,0.7843137254901933
2019-08-15,0.261,0.261,1.5564202334630295
2019-08-16,0.263,0.263,0.766283524904221
2019-08-19,0.274,0.274,4.1825095057034245
2019-08-20,0.274,0.274,0.0
2019-08-21,0.276,0.276,0.7299270072992803
2019-08-22,0.276,0.276,0.0
2019-08-23,0.272,0.272,-1.449275362318847
2019-08-26,0.272,0.272,0.0
2019-08-27,0.279,0.279,2.573529411764719
2019-08-28,0.278,0.278,-0.35842293906810374
2019-08-29,0.283,0.283,1.7985611510791255
2019-08-30,0.283,0.283,0.0
2019-09-02,0.294,0.294,3.886925795053009
2019-09-03,0.302,0.302,2.7210884353741527
2019-09-04,0.309,0.309,2.3178807947019875
2019-09-05,0.309,0.309,0.0
2019-09-06,0.307,0.307,-0.6472491909385147
2019-09-09,0.326,0.326,6.1889250814332275
2019-09-10,0.319,0.319,-2.1472392638036797
2019-09-11,0.315,0.315,-1.2539184952978122
2019-09-12,0.317,0.317,0.6349206349206327
2019-09-16,0.323,0.323,1.8927444794952786
2019-09-17,0.31,0.31,-4.024767801857587
2019-09-18,0.311,0.311,0.3225806451612856
2019-09-19,0.319,0.319,2.5723472668810254
2019-09-20,0.328,0.328,2.8213166144200663
2019-09-23,0.338,0.338,3.0487804878048808
2019-09-24,0.339,0.339,0.2958579881656709
2019-09-25,0.32,0.32,-5.604719764011801
2019-09-26,0.305,0.305,-4.6875
2019-09-27,0.308,0.308,0.9836065573770592
2019-09-30,0.302,0.302,-1.9480519480519543
2019-10-08,0.295,0.295,-2.3178807947019875
2019-10-09,0.301,0.301,2.033898305084758
2019-10-10,0.304,0.304,0.9966777408637828
2019-10-11,0.3,0.3,-1.3157894736842146
2019-10-14,0.309,0.309,3.0000000000000027
2019-10-15,0.298,0.298,-3.5598705501618144
2019-10-16,0.295,0.295,-1.0067114093959773
2019-10-17,0.295,0.295,0.0
2019-10-18,0.288,0.288,-2.3728813559322104
2019-10-21,0.288,0.288,0.0
2019-10-22,0.293,0.293,1.736111111111116
2019-10-23,0.291,0.291,-0.6825938566552892
2019-10-24,0.289,0.289,-0.6872852233676952
2019-10-25,0.293,0.293,1.384083044982698
2019-10-28,0.303,0.303,3.412969283276457
2019-10-29,0.296,0.296,-2.310231023102316
2019-10-30,0.302,0.302,2.0270270270270396
2019-10-31,0.302,0.302,0.0
2019-11-01,0.304,0.304,0.6622516556291425
2019-11-04,0.307,0.307,0.9868421052631637
2019-11-05,0.311,0.311,1.3029315960912058
2019-11-06,0.302,0.302,-2.893890675241162
2019-11-07,0.304,0.304,0.6622516556291425
2019-11-08,0.307,0.307,0.9868421052631637
2019-11-11,0.299,0.299,-2.6058631921824116
2019-11-12,0.296,0.296,-1.0033444816053505
2019-11-13,0.308,0.308,4.054054054054057
2019-11-14,0.318,0.318,3.2467532467532534
2019-11-15,0.315,0.315,-0.9433962264150941
2019-11-18,0.316,0.316,0.31746031746031633
2019-11-19,0.321,0.321,1.5822784810126667
2019-11-20,0.317,0.317,-1.2461059190031154
2019-11-21,0.317,0.317,0.0
2019-11-22,0.309,0.309,-2.5236593059936974
2019-11-25,0.297,0.297,-3.8834951456310662
2019-11-26,0.299,0.299,0.6734006734006703
2019-11-27,0.311,0.311,4.013377926421402
2019-11-28,0.31,0.31,-0.3215434083601254
2019-11-29,0.312,0.312,0.6451612903225712
2019-12-02,0.318,0.318,1.9230769230769162
2019-12-03,0.326,0.326,2.515723270440251
2019-12-04,0.328,0.328,0.6134969325153339
2019-12-05,0.334,0.334,1.8292682926829285
2019-12-06,0.341,0.341,2.095808383233533
2019-12-09,0.347,0.347,1.7595307917888325
2019-12-10,0.357,0.357,2.8818443804034644
2019-12-11,0.353,0.353,-1.1204481792717047
2019-12-12,0.365,0.365,3.399433427762033
2019-12-13,0.366,0.366,0.273972602739736
2019-12-16,0.373,0.373,1.91256830601092
2019-12-17,0.37,0.37,-0.8042895442359255
2019-12-18,0.37,0.37,0.0
2019-12-19,0.361,0.361,-2.43243243243243
2019-12-20,0.357,0.357,-1.1080332409972304
2019-12-23,0.344,0.344,-3.6414565826330514
2019-12-24,0.355,0.355,3.197674418604657
2019-12-25,0.373,0.373,5.070422535211283
2019-12-26,0.37,0.37,-0.8042895442359255
2019-12-27,0.358,0.358,-3.2432432432432434
2019-12-30,0.359,0.359,0.27932960893854997
2019-12-31,0.359,0.359,0.0
2020-01-02,0.373,0.373,3.8997214484679743
2020-01-03,0.374,0.374,0.2680965147453085
2020-01-06,0.377,0.377,0.8021390374331583
2020-01-07,0.374,0.374,-0.7957559681697646
2020-01-08,0.365,0.365,-2.4064171122994638
2020-01-09,0.375,0.375,2.7397260273972712
2020-01-10,0.39,0.39,4.0000000000000036
2020-01-13,0.413,0.413,5.897435897435899
2020-01-14,0.405,0.405,-1.937046004842602
2020-01-15,0.417,0.417,2.962962962962945
2020-01-16,0.416,0.416,-0.23980815347721673
2020-01-17,0.414,0.414,-0.48076923076922906
2020-01-20,0.438,0.438,5.797101449275366
2020-01-21,0.438,0.438,0.0
2020-01-22,0.465,0.465,6.164383561643838
2020-01-23,0.458,0.458,-1.505376344086018
2020-02-03,0.412,0.412,-10.043668122270756
2020-02-04,0.43,0.43,4.3689320388349495
2020-02-05,0.432,0.432,0.46511627906977715
2020-02-06,0.443,0.443,2.546296296296302
2020-02-07,0.461,0.461,4.06320541760723
2020-02-10,0.449,0.449,-2.6030368763557465
2020-02-11,0.453,0.453,0.8908685968819663
2020-02-12,0.467,0.467,3.0905077262693093
2020-02-13,0.487,0.487,4.282655246252665
2020-02-14,0.494,0.494,1.4373716632443578
2020-02-17,0.509,0.509,3.0364372469635637
2020-02-18,0.533,0.533,4.715127701375255
2020-02-19,0.539,0.539,1.1257035647279645
2020-02-20,0.554,0.554,2.782931354359919
2020-02-21,0.571,0.571,3.06859205776171
2020-02-24,0.604,0.604,5.779334500875666
2020-02-25,0.612,0.612,1.324503311258285
2020-02-26,0.552,0.552,-9.803921568627437
2020-02-27,0.536,0.536,-2.898550724637683
2020-02-28,0.509,0.509,-5.037313432835822
2020-03-02,0.51,0.51,0.19646365422396617
2020-03-03,0.511,0.511,0.19607843137254832
2020-03-04,0.49,0.49,-4.109589041095896
2020-03-05,0.5,0.5,2.0408163265306145
2020-03-06,0.492,0.492,-1.6000000000000014
2020-03-09,0.455,0.455,-7.520325203252032
2020-03-10,0.491,0.491,7.912087912087906
2020-03-11,0.468,0.468,-4.6843177189409335
2020-03-12,0.469,0.469,0.21367521367521292
2020-03-13,0.478,0.478,1.9189765458422103
2020-03-16,0.443,0.443,-7.322175732217573
2020-03-17,0.45,0.45,1.5801354401805856
2020-03-18,0.44,0.44,-2.2222222222222254
2020-03-19,0.458,0.458,4.090909090909101
2020-03-20,0.452,0.452,-1.3100436681222738
2020-03-23,0.413,0.413,-8.628318584070804
2020-03-24,0.414,0.414,0.2421307506053294
2020-03-25,0.422,0.422,1.9323671497584627
2020-03-26,0.415,0.415,-1.6587677725118488
2020-03-27,0.409,0.409,-1.4457831325301207
2020-03-30,0.4,0.4,-2.2004889975550057
2020-03-31,0.397,0.397,-0.7499999999999951
2020-04-01,0.405,0.405,2.015113350125941
2020-04-02,0.435,0.435,7.407407407407396
2020-04-03,0.43,0.43,-1.1494252873563204
2020-04-07,0.44,0.44,2.3255813953488413
2020-04-08,0.444,0.444,0.9090909090909038
2020-04-09,0.44,0.44,-0.9009009009009028
2020-04-10,0.418,0.418,-5.000000000000004
2020-04-13,0.406,0.406,-2.8708133971291794
2020-04-14,0.419,0.419,3.201970443349733
2020-04-15,0.421,0.421,0.4773269689737569
2020-04-16,0.428,0.428,1.6627078384798155
2020-04-17,0.442,0.442,3.2710280373831724
2020-04-20,0.446,0.446,0.9049773755656076
2020-04-21,0.434,0.434,-2.6905829596412634
2020-04-22,0.437,0.437,0.691244239631339
2020-04-23,0.431,0.431,-1.3729977116704872
2020-04-24,0.419,0.419,-2.784222737819031
2020-04-27,0.413,0.413,-1.4319809069212375
2020-04-28,0.43,0.43,4.1162227602905554
2020-04-29,0.425,0.425,-1.1627906976744207
2020-04-30,0.455,0.455,7.058823529411762
2020-05-06,0.481,0.481,5.714285714285716
2020-05-07,0.477,0.477,-0.8316008316008316
2020-05-08,0.479,0.479,0.41928721174004924
2020-05-11,0.475,0.475,-0.8350730688935326
2020-05-12,0.487,0.487,2.5263157894736876
2020-05-13,0.485,0.485,-0.4106776180698102
2020-05-14,0.483,0.483,-0.4123711340206171
2020-05-15,0.505,0.505,4.554865424430643
2020-05-18,0.487,0.487,-3.5643564356435675
2020-05-19,0.512,0.512,5.133470225872694
2020-05-20,0.499,0.499,-2.5390625
2020-05-21,0.479,0.479,-4.008016032064132
2020-05-22,0.475,0.475,-0.8350730688935326
2020-05-25,0.465,0.465,-2.1052631578947323
2020-05-26,0.475,0.475,2.1505376344086002
2020-05-27,0.464,0.464,-2.3157894736842044
2020-05-28,0.459,0.459,-1.0775862068965525
2020-05-29,0.455,0.455,-0.8714596949891074
2020-06-01,0.478,0.478,5.054945054945037
2020-06-02,0.481,0.481,0.6276150627614996
2020-06-03,0.48,0.48,-0.20790020790021346
2020-06-04,0.476,0.476,-0.8333333333333304
2020-06-05,0.488,0.488,2.521008403361358
2020-06-08,0.479,0.479,-1.8442622950819665
2020-06-09,0.484,0.484,1.0438413361169019
2020-06-10,0.482,0.482,-0.4132231404958664
2020-06-11,0.479,0.479,-0.6224066390041472
2020-06-12,0.477,0.477,-0.41753653444676075
2020-06-15,0.464,0.464,-2.7253668763102645
2020-06-16,0.471,0.471,1.5086206896551602
2020-06-17,0.468,0.468,-0.6369426751592244
2020-06-18,0.477,0.477,1.9230769230769162
2020-06-19,0.483,0.483,1.2578616352201255
2020-06-22,0.502,0.502,3.9337474120082927
2020-06-23,0.503,0.503,0.19920318725099584
2020-06-24,0.517,0.517,2.7833001988071704
2020-06-29,0.506,0.506,-2.127659574468088
2020-06-30,0.515,0.515,1.7786561264822254
2020-07-01,0.52,0.52,0.9708737864077666
2020-07-02,0.534,0.534,2.692307692307705
2020-07-03,0.536,0.536,0.3745318352059934
2020-07-06,0.59,0.59,10.074626865671622
2020-07-07,0.6,0.6,1.6949152542372836
2020-07-08,0.61,0.61,1.6666666666666607
2020-07-09,0.629,0.629,3.1147540983606614
2020-07-10,0.637,0.637,1.2718600953895098
2020-07-13,0.661,0.661,3.767660910518056
2020-07-14,0.661,0.661,0.0
2020-07-15,0.621,0.621,-6.0514372163388845
2020-07-16,0.567,0.567,-8.695652173913048
2020-07-17,0.554,0.554,-2.2927689594356093
2020-07-20,0.581,0.581,4.873646209386262
2020-07-21,0.574,0.574,-1.2048192771084376
2020-07-22,0.578,0.578,0.6968641114982521
2020-07-23,0.576,0.576,-0.34602076124568004
2020-07-24,0.543,0.543,-5.729166666666652
2020-07-27,0.549,0.549,1.104972375690605
2020-07-28,0.55,0.55,0.18214936247722413
2020-07-29,0.575,0.575,4.545454545454519
2020-07-30,0.569,0.569,-1.043478260869568
2020-07-31,0.588,0.588,3.3391915641476366
2020-08-03,0.612,0.612,4.081632653061229
2020-08-04,0.599,0.599,-2.1241830065359513
2020-08-05,0.607,0.607,1.3355592654423987
2020-08-06,0.613,0.613,0.9884678747940745
2020-08-07,0.596,0.596,-2.773246329526924
2020-08-10,0.589,0.589,-1.1744966442953086
2020-08-11,0.578,0.578,-1.8675721561969505
2020-08-12,0.577,0.577,-0.17301038062284002
2020-08-13,0.573,0.573,-0.6932409012131768
2020-08-14,0.58,0.58,1.221640488656206
2020-08-17,0.59,0.59,1.724137931034475
2020-08-18,0.587,0.587,-0.5084745762711895
2020-08-19,0.566,0.566,-3.5775127768313486
2020-08-20,0.557,0.557,-1.5901060070671158
2020-08-21,0.554,0.554,-0.538599640933568
2020-08-24,0.554,0.554,0.0
2020-08-25,0.55,0.55,-0.7220216606498187
2020-08-26,0.528,0.528,-4.0000000000000036
2020-08-27,0.542,0.542,2.6515151515151603
2020-08-28,0.547,0.547,0.9225092250922495
2020-08-31,0.543,0.543,-0.7312614259597838
2020-09-01,0.542,0.542,-0.18416206261510082
2020-09-02,0.533,0.533,-1.6605166051660514
2020-09-03,0.534,0.534,0.18761726078799779
2020-09-04,0.544,0.544,1.8726591760299671
2020-09-07,0.52,0.52,-4.4117647058823595
2020-09-08,0.512,0.512,-1.538461538461544
2020-09-09,0.488,0.488,-4.6875
2020-09-10,0.48,0.48,-1.6393442622950838
2020-09-11,0.492,0.492,2.5000000000000133
2020-09-14,0.498,0.498,1.2195121951219523
2020-09-15,0.502,0.502,0.8032128514056325
2020-09-16,0.497,0.497,-0.9960159362549792
2020-09-17,0.507,0.507,2.012072434607637
2020-09-18,0.513,0.513,1.183431952662728
2020-09-21,0.514,0.514,0.19493177387914784
2020-09-22,0.503,0.503,-2.1400778210116767
2020-09-23,0.509,0.509,1.1928429423459175
2020-09-24,0.5,0.5,-1.7681728880157177
2020-09-25,0.496,0.496,-0.8000000000000007
2020-09-28,0.487,0.487,-1.814516129032262
2020-09-29,0.496,0.496,1.848049281314168
2020-09-30,0.494,0.494,-0.40322580645161255
2020-10-09,0.507,0.507,2.6315789473684292
2020-10-12,0.533,0.533,5.128205128205132
2020-10-13,0.531,0.531,-0.37523452157598447
2020-10-14,0.521,0.521,-1.883239171374762
2020-10-15,0.517,0.517,-0.7677543186180413
2020-10-16,0.516,0.516,-0.19342359767892114
2020-10-19,0.511,0.511,-0.9689922480620172
2020-10-20,0.517,0.517,1.1741682974559797
2020-10-21,0.5,0.5,-3.288201160541593
2020-10-22,0.501,0.501,0.20000000000000018
2020-10-23,0.491,0.491,-1.9960079840319334
2020-10-26,0.49,0.49,-0.20366598778004397
2020-10-27,0.492,0.492,0.40816326530612734
2020-10-28,0.494,0.494,0.40650406504065817
2020-10-29,0.492,0.492,-0.4048582995951455
2020-10-30,0.503,0.503,2.2357723577235866
2020-11-02,0.513,0.513,1.988071570576544
2020-11-03,0.521,0.521,1.5594541910331383
2020-11-04,0.517,0.517,-0.7677543186180413
2020-11-05,0.523,0.523,1.1605415860735047
2020-11-06,0.536,0.536,2.48565965583174
2020-11-09,0.584,0.584,8.955223880596996
2020-11-10,0.565,0.565,-3.253424657534254
2020-11-11,0.536,0.536,-5.132743362831849
2020-11-12,0.537,0.537,0.1865671641791078
2020-11-13,0.539,0.539,0.3724394785847407
2020-11-16,0.533,0.533,-1.1131725417439675
2020-11-17,0.542,0.542,1.6885553470919357
2020-11-18,0.536,0.536,-1.1070110701106972
2020-11-19,0.539,0.539,0.5597014925373234
2020-11-20,0.536,0.536,-0.5565862708719838
2020-11-23,0.539,0.539,0.5597014925373234
2020-11-24,0.545,0.545,1.1131725417439675
2020-11-25,0.541,0.541,-0.7339449541284404
2020-11-26,0.537,0.537,-0.7393715341959317
2020-11-27,0.538,0.538,0.18621973929235924
2020-11-30,0.542,0.542,0.743494423791824
2020-12-01,0.545,0.545,0.5535055350553542
2020-12-02,0.555,0.555,1.8348623853211121
2020-12-03,0.549,0.549,-1.0810810810810811
2020-12-04,0.552,0.552,0.5464480874316946
2020-12-07,0.555,0.555,0.5434782608695565
2020-12-08,0.556,0.556,0.18018018018017834
2020-12-09,0.539,0.539,-3.0575539568345356
2020-12-10,0.54,0.54,0.18552875695732052
2020-12-11,0.529,0.529,-2.037037037037037
2020-12-14,0.533,0.533,0.7561436672967936
2020-12-15,0.528,0.528,-0.9380863039399667
2020-12-16,0.519,0.519,-1.7045454545454586
2020-12-17,0.521,0.521,0.3853564547206201
2020-12-18,0.517,0.517,-0.7677543186180413
2020-12-21,0.53,0.53,2.5145067698259194
2020-12-22,0.514,0.514,-3.018867924528301
2020-12-23,0.527,0.527,2.529182879377445
2020-12-24,0.521,0.521,-1.1385199240986688
2020-12-25,0.513,0.513,-1.5355086372360827
2020-12-28,0.502,0.502,-2.1442495126705707
2020-12-29,0.511,0.511,1.7928286852589626
2020-12-30,0.514,0.514,0.5870841487279899
2020-12-31,0.525,0.525,2.1400778210116655
2021-01-04,0.536,0.536,2.0952380952381056
2021-01-05,0.554,0.554,3.3582089552238736
2021-01-06,0.542,0.542,-2.166064981949456
2021-01-07,0.536,0.536,-1.1070110701106972
2021-01-08,0.536,0.536,0.0
2021-01-11,0.544,0.544,1.4925373134328401
2021-01-12,0.548,0.548,0.7352941176470562
2021-01-13,0.562,0.562,2.5547445255474477
2021-01-14,0.566,0.566,0.7117437722419684
2021-01-15,0.556,0.556,-1.766784452296799
2021-01-18,0.581,0.581,4.496402877697836
2021-01-19,0.569,0.569,-2.065404475043031
2021-01-20,0.571,0.571,0.35149384885764245
2021-01-21,0.569,0.569,-0.3502626970227629
2021-01-22,0.555,0.555,-2.460456942003497
2021-01-25,0.553,0.553,-0.3603603603603567
2021-01-26,0.546,0.546,-1.2658227848101222
2021-01-27,0.539,0.539,-1.2820512820512886
2021-01-28,0.523,0.523,-2.9684601113172615
2021-01-29,0.514,0.514,-1.7208413001912115
2021-02-01,0.517,0.517,0.5836575875486361
2021-02-02,0.522,0.522,0.9671179883945946
2021-02-03,0.502,0.502,-3.831417624521072
2021-02-04,0.504,0.504,0.3984063745019917
2021-02-05,0.491,0.491,-2.5793650793650813
2021-02-08,0.5,0.5,1.8329938900203624
2021-02-09,0.509,0.509,1.8000000000000016
2021-02-10,0.51,0.51,0.19646365422396617
2021-02-18,0.523,0.523,2.5490196078431504
2021-02-19,0.521,0.521,-0.3824091778202643
2021-02-22,0.51,0.51,-2.111324376199619
2021-02-23,0.506,0.506,-0.7843137254901933
2021-02-24,0.514,0.514,1.5810276679841806
2021-02-25,0.507,0.507,-1.361867704280162
2021-02-26,0.495,0.495,-2.3668639053254448
2021-03-01,0.514,0.514,3.838383838383841
2021-03-02,0.517,0.517,0.5836575875486361
2021-03-03,0.516,0.516,-0.19342359767892114
2021-03-04,0.503,0.503,-2.519379844961245
2021-03-05,0.5,0.5,-0.5964214711729587
2021-03-08,0.477,0.477,-4.600000000000004
2021-03-09,0.45,0.45,-5.660377358490565
2021-03-10,0.449,0.449,-0.22222222222222365
2021-03-11,0.464,0.464,3.340757238307357
2021-03-12,0.453,0.453,-2.37068965517242
2021-03-15,0.434,0.434,-4.194260485651213
2021-03-16,0.434,0.434,0.0
2021-03-17,0.442,0.442,1.8433179723502224
2021-03-18,0.44,0.44,-0.4524886877828038
2021-03-19,0.44,0.44,0.0
2021-03-22,0.441,0.441,0.2272727272727204
2021-03-23,0.44,0.44,-0.22675736961451642
2021-03-24,0.431,0.431,-2.0454545454545503
2021-03-25,0.434,0.434,0.6960556844547661
2021-03-29,0.443,0.443,2.073732718894017
2021-03-30,0.444,0.444,0.22573363431150906
2021-03-31,0.447,0.447,0.6756756756756799
2021-04-01,0.463,0.463,3.5794183445190253
2021-04-02,0.49,0.49,5.831533477321815
2021-04-06,0.487,0.487,-0.6122448979591799
2021-04-07,0.49,0.49,0.6160164271047153
2021-04-08,0.486,0.486,-0.8163265306122436
2021-04-09,0.485,0.485,-0.2057613168724326
2021-04-12,0.479,0.479,-1.2371134020618513
2021-04-13,0.476,0.476,-0.6263048016701522
2021-04-14,0.478,0.478,0.42016806722688926
2021-04-15,0.477,0.477,-0.20920502092049986
2021-04-16,0.476,0.476,-0.20964360587002462
2021-04-19,0.483,0.483,1.4705882352941124
2021-04-20,0.476,0.476,-1.449275362318847
2021-04-21,0.477,0.477,0.21008403361344463
2021-04-22,0.485,0.485,1.6771488469601747
2021-04-23,0.487,0.487,0.4123711340206171
2021-04-26,0.493,0.493,1.2320328542094527
2021-04-27,0.488,0.488,-1.0141987829614618
2021-04-28,0.5,0.5,2.4590163934426146
2021-04-29,0.502,0.502,0.40000000000000036
2021-04-30,0.503,0.503,0.19920318725099584
2021-05-06,0.5,0.5,-0.5964214711729587
2021-05-07,0.477,0.477,-4.600000000000004
2021-05-10,0.468,0.468,-1.8867924528301772
2021-05-11,0.47,0.47,0.42735042735042583
2021-05-12,0.48,0.48,2.127659574468077
2021-05-13,0.48,0.48,0.0
2021-05-14,0.492,0.492,2.5000000000000133
2021-05-17,0.492,0.492,0.0
2021-05-18,0.49,0.49,-0.40650406504064707
2021-05-19,0.495,0.495,1.0204081632652962
2021-05-20,0.493,0.493,-0.40404040404040664
2021-05-21,0.489,0.489,-0.8113590263691739
2021-05-24,0.498,0.498,1.8404907975460238
2021-05-25,0.51,0.51,2.4096385542168752
2021-05-26,0.507,0.507,-0.588235294117645
2021-05-27,0.53,0.53,4.536489151873768
2021-05-28,0.527,0.527,-0.5660377358490565
2021-05-31,0.534,0.534,1.3282732447817747
2021-06-01,0.541,0.541,1.3108614232209659
2021-06-02,0.536,0.536,-0.9242144177449174
2021-06-03,0.528,0.528,-1.4925373134328401
2021-06-04,0.543,0.543,2.840909090909083
2021-06-07,0.561,0.561,3.314917127071837
2021-06-08,0.557,0.557,-0.7130124777183555
2021-06-09,0.562,0.562,0.8976660682226134
2021-06-10,0.57,0.57,1.423487544483959
2021-06-11,0.558,0.558,-2.105263157894721
2021-06-15,0.566,0.566,1.4336917562723928
2021-06-16,0.549,0.549,-3.0035335689045817
2021-06-17,0.593,0.593,8.014571948998173
2021-06-18,0.6,0.6,1.180438448566612
2021-06-21,0.601,0.601,0.16666666666667052
2021-06-22,0.6,0.6,-0.16638935108153063
2021-06-23,0.629,0.629,4.833333333333334
2021-06-24,0.618,0.618,-1.748807631160576
2021-06-25,0.626,0.626,1.2944983818770295
2021-06-28,0.641,0.641,2.396166134185296
2021-06-29,0.637,0.637,-0.6240249609984372
2021-06-30,0.668,0.668,4.866562009419151
2021-07-01,0.653,0.653,-2.2455089820359264
2021-07-02,0.642,0.642,-1.6845329249617125
2021-07-05,0.673,0.673,4.828660436137078
2021-07-06,0.658,0.658,-2.2288261515601815
2021-07-07,0.671,0.671,1.9756838905775176
2021-07-08,0.694,0.694,3.427719821162434
2021-07-09,0.685,0.685,-1.2968299711815456
2021-07-12,0.694,0.694,1.313868613138669
2021-07-13,0.657,0.657,-5.331412103746391
2021-07-14,0.652,0.652,-0.7610350076103556
2021-07-15,0.655,0.655,0.4601226993865115
2021-07-16,0.644,0.644,-1.6793893129770976
2021-07-19,0.645,0.645,0.15527950310558758
2021-07-20,0.659,0.659,2.170542635658923
2021-07-21,0.684,0.684,3.793626707132014
2021-07-22,0.707,0.707,3.3625730994151892
2021-07-23,0.708,0.708,0.14144271570013522
2021-07-26,0.719,0.719,1.5536723163841915
2021-07-27,0.73,0.73,1.5299026425591222
2021-07-28,0.707,0.707,-3.150684931506853
2021-07-29,0.758,0.758,7.2135785007072295
2021-07-30,0.771,0.771,1.715039577836408
2021-08-02,0.748,0.748,-2.983138780804151
2021-08-03,0.698,0.698,-6.68449197860963
2021-08-04,0.724,0.724,3.72492836676217
2021-08-05,0.726,0.726,0.2762430939226457
2021-08-06,0.718,0.718,-1.1019283746556474
2021-08-09,0.7,0.7,-2.506963788300842
2021-08-10,0.692,0.692,-1.1428571428571455
2021-08-11,0.697,0.697,0.7225433526011571
2021-08-12,0.704,0.704,1.0043041606886627
2021-08-13,0.674,0.674,-4.261363636363624
2021-08-16,0.682,0.682,1.1869436201780381
2021-08-17,0.655,0.655,-3.9589442815249343
2021-08-18,0.658,0.658,0.45801526717557106
2021-08-19,0.672,0.672,2.127659574468077
2021-08-20,0.679,0.679,1.041666666666674
2021-08-23,0.691,0.691,1.767304860088359
2021-08-24,0.705,0.705,2.026049204052094
2021-08-25,0.697,0.697,-1.134751773049647
2021-08-26,0.681,0.681,-2.295552367288367
2021-08-27,0.683,0.683,0.2936857562408246
2021-08-30,0.67,0.67,-1.9033674963396807
2021-08-31,0.648,0.648,-3.2835820895522394
2021-09-01,0.652,0.652,0.6172839506172867
2021-09-02,0.627,0.627,-3.834355828220859
2021-09-03,0.628,0.628,0.15948963317384823
2021-09-06,0.644,0.644,2.547770700636942
2021-09-07,0.645,0.645,0.15527950310558758
2021-09-08,0.639,0.639,-0.9302325581395321
2021-09-09,0.634,0.634,-0.7824726134585291
2021-09-10,0.664,0.664,4.731861198738185
2021-09-13,0.635,0.635,-4.367469879518071
2021-09-14,0.64,0.64,0.7874015748031482
2021-09-15,0.634,0.634,-0.9375000000000022
2021-09-16,0.612,0.612,-3.4700315457413256
2021-09-17,0.619,0.619,1.1437908496731986
2021-09-22,0.623,0.623,0.646203554119551
2021-09-23,0.638,0.638,2.4077046548956593
2021-09-24,0.634,0.634,-0.6269592476489061
2021-09-27,0.629,0.629,-0.7886435331230346
2021-09-28,0.632,0.632,0.4769475357710551
2021-09-29,0.619,0.619,-2.0569620253164556
2021-09-30,0.626,0.626,1.1308562197092087
2021-10-08,0.619,0.619,-1.1182108626198062
2021-10-11,0.611,0.611,-1.292407108239102
2021-10-12,0.59,0.59,-3.436988543371522
2021-10-13,0.604,0.604,2.3728813559322104
2021-10-14,0.604,0.604,0.0
2021-10-15,0.627,0.627,3.8079470198675525
2021-10-18,0.618,0.618,-1.4354066985645897
2021-10-19,0.62,0.62,0.3236245954692629
2021-10-20,0.615,0.615,-0.8064516129032251
2021-10-21,0.605,0.605,-1.6260162601625994
2021-10-22,0.625,0.625,3.3057851239669533
2021-10-25,0.631,0.631,0.9600000000000053
2021-10-26,0.629,0.629,-0.31695721077654726
2021-10-27,0.617,0.617,-1.9077901430842648
2021-10-28,0.615,0.615,-0.32414910858995505
2021-10-29,0.627,0.627,1.9512195121951237
2021-11-01,0.635,0.635,1.2759170653907415
2021-11-02,0.653,0.653,2.834645669291347
2021-11-03,0.648,0.648,-0.7656967840735107
2021-11-04,0.655,0.655,1.0802469135802406
2021-11-05,0.655,0.655,0.0
2021-11-08,0.643,0.643,-1.8320610687022953
2021-11-09,0.658,0.658,2.3328149300155587
2021-11-10,0.662,0.662,0.6079027355623046
2021-11-11,0.68,0.68,2.7190332326284095
2021-11-12,0.676,0.676,-0.588235294117645
2021-11-15,0.667,0.667,-1.3313609467455634
2021-11-16,0.657,0.657,-1.4992503748125996
2021-11-17,0.662,0.662,0.7610350076103556
2021-11-18,0.653,0.653,-1.3595166163142047
2021-11-19,0.656,0.656,0.45941807044409533
2021-11-22,0.687,0.687,4.725609756097571
2021-11-23,0.685,0.685,-0.29112081513827937
2021-11-24,0.683,0.683,-0.29197080291970545
2021-11-25,0.691,0.691,1.1713030746705488
2021-11-26,0.673,0.673,-2.604920405209832
2021-11-29,0.676,0.676,0.4457652303120341
2021-11-30,0.683,0.683,1.0355029585798814
2021-12-01,0.685,0.685,0.2928257686676483
2021-12-02,0.686,0.686,0.14598540145984717
2021-12-03,0.704,0.704,2.623906705539336
2021-12-06,0.687,0.687,-2.414772727272718
2021-12-07,0.67,0.67,-2.4745269286754024
2021-12-08,0.688,0.688,2.686567164179099
2021-12-09,0.688,0.688,0.0
2021-12-10,0.684,0.684,-0.5813953488371992
2021-12-13,0.686,0.686,0.29239766081872176
2021-12-14,0.679,0.679,-1.0204081632653073
2021-12-15,0.669,0.669,-1.4727540500736436
2021-12-16,0.67,0.67,0.1494768310911887
2021-12-17,0.648,0.648,-3.2835820895522394
2021-12-20,0.635,0.635,-2.0061728395061706
2021-12-21,0.64,0.64,0.7874015748031482
2021-12-22,0.645,0.645,0.78125
2021-12-23,0.646,0.646,0.15503875968991832
2021-12-24,0.643,0.643,-0.4643962848297267
2021-12-27,0.641,0.641,-0.3110419906687367
2021-12-28,0.646,0.646,0.7800312012480548
2021-12-29,0.638,0.638,-1.2383900928792602
2021-12-30,0.652,0.652,2.1943573667711602
2021-12-31,0.65,0.65,-0.30674846625766694
2022-01-04,0.638,0.638,-1.846153846153853
2022-01-05,0.612,0.612,-4.075235109717868
2022-01-06,0.61,0.61,-0.32679738562091387
2022-01-07,0.603,0.603,-1.1475409836065542
2022-01-10,0.598,0.598,-0.8291873963515717
2022-01-11,0.583,0.583,-2.5083612040133763
2022-01-12,0.593,0.593,1.7152658662092701
2022-01-13,0.583,0.583,-1.6863406408094472
2022-01-14,0.591,0.591,1.3722126929674117
2022-01-17,0.604,0.604,2.1996615905245376
2022-01-18,0.611,0.611,1.1589403973510048
2022-01-19,0.602,0.602,-1.4729950900163713
2022-01-20,0.595,0.595,-1.1627906976744207
2022-01-21,0.585,0.585,-1.6806722689075682
2022-01-24,0.593,0.593,1.3675213675213627
2022-01-25,0.578,0.578,-2.5295109612141653
2022-01-26,0.585,0.585,1.211072664359869
2022-01-27,0.565,0.565,-3.4188034188034178
2022-01-28,0.556,0.556,-1.5929203539822856
2022-02-07,0.557,0.557,0.17985611510791255
2022-02-08,0.542,0.542,-2.6929982046678624
2022-02-09,0.547,0.547,0.9225092250922495
2022-02-10,0.547,0.547,0.0
2022-02-11,0.539,0.539,-1.4625228519195677
2022-02-14,0.535,0.535,-0.7421150278293154
2022-02-15,0.555,0.555,3.738317757009346
2022-02-16,0.551,0.551,-0.7207207207207245
2022-02-17,0.556,0.556,0.9074410163339319
2022-02-18,0.552,0.552,-0.7194244604316502
2022-02-21,0.549,0.549,-0.5434782608695676
2022-02-22,0.55,0.55,0.18214936247722413
2022-02-23,0.584,0.584,6.181818181818177
2022-02-24,0.578,0.578,-1.0273972602739767
2022-02-25,0.58,0.58,0.34602076124568004
2022-02-28,0.585,0.585,0.8620689655172376
2022-03-01,0.585,0.585,0.0
2022-03-02,0.576,0.576,-1.538461538461544
2022-03-03,0.564,0.564,-2.083333333333337
2022-03-04,0.57,0.57,1.0638297872340496
2022-03-07,0.549,0.549,-3.6842105263157787
2022-03-08,0.552,0.552,0.5464480874316946
2022-03-09,0.556,0.556,0.7246376811594235
2022-03-10,0.559,0.559,0.5395683453237377
2022-03-11,0.559,0.559,0.0
2022-03-14,0.54,0.54,-3.3989266547406083
2022-03-15,0.521,0.521,-3.518518518518521
2022-03-16,0.551,0.551,5.758157389635321
2022-03-17,0.558,0.558,1.2704174228675091
2022-03-18,0.555,0.555,-0.5376344086021501
2022-03-21,0.559,0.559,0.7207207207207134
2022-03-22,0.55,0.55,-1.610017889087656
2022-03-23,0.55,0.55,0.0
2022-03-24,0.536,0.536,-2.5454545454545507
2022-03-25,0.53,0.53,-1.1194029850746245
2022-03-28,0.524,0.524,-1.132075471698113
2022-03-29,0.514,0.514,-1.9083969465648831
2022-03-30,0.525,0.525,2.1400778210116655
2022-03-31,0.511,0.511,-2.6666666666666727
2022-04-01,0.512,0.512,0.1956947162426559
2022-04-06,0.495,0.495,-3.3203125
2022-04-07,0.484,0.484,-2.2222222222222254
2022-04-08,0.486,0.486,0.4132231404958775
2022-04-11,0.46,0.46,-5.349794238683126
2022-04-12,0.467,0.467,1.521739130434785
2022-04-13,0.454,0.454,-2.7837259100642386
2022-04-14,0.464,0.464,2.2026431718061623
2022-04-15,0.464,0.464,0.0
2022-04-18,0.481,0.481,3.663793103448265
2022-04-19,0.47,0.47,-2.2869022869022926
2022-04-20,0.464,0.464,-1.2765957446808418
2022-04-21,0.456,0.456,-1.7241379310344862
2022-04-22,0.443,0.443,-2.8508771929824595
2022-04-25,0.41,0.41,-7.449209932279921
2022-04-26,0.4,0.4,-2.4390243902438935
2022-04-27,0.425,0.425,6.25
2022-04-28,0.421,0.421,-0.9411764705882342
2022-04-29,0.434,0.434,3.087885985748229
2022-05-05,0.437,0.437,0.691244239631339
2022-05-06,0.426,0.426,-2.517162471395884
2022-05-09,0.423,0.423,-0.7042253521126751
2022-05-10,0.438,0.438,3.546099290780136
2022-05-11,0.454,0.454,3.65296803652968
2022-05-12,0.457,0.457,0.6607929515418443
2022-05-13,0.456,0.456,-0.2188183807439792
2022-05-16,0.452,0.452,-0.8771929824561431
2022-05-17,0.467,0.467,3.31858407079646
2022-05-18,0.468,0.468,0.21413276231263545
2022-05-19,0.476,0.476,1.7094017094017033
2022-05-20,0.478,0.478,0.42016806722688926
2022-05-23,0.481,0.481,0.6276150627614996
2022-05-24,0.462,0.462,-3.9501039501039448
2022-05-25,0.464,0.464,0.43290043290042934
2022-05-26,0.461,0.461,-0.6465517241379337
2022-05-27,0.457,0.457,-0.8676789587852451
2022-05-30,0.464,0.464,1.5317286652078765
2022-05-31,0.473,0.473,1.93965517241379
2022-06-01,0.474,0.474,0.21141649048626032
2022-06-02,0.493,0.493,4.008438818565407
2022-06-06,0.507,0.507,2.8397565922920975
2022-06-07,0.497,0.497,-1.9723865877712021
2022-06-08,0.494,0.494,-0.6036217303822977
2022-06-09,0.478,0.478,-3.238866396761142
2022-06-10,0.486,0.486,1.673640167364021
2022-06-13,0.479,0.479,-1.4403292181069949
2022-06-14,0.467,0.467,-2.5052192066805756
2022-06-15,0.474,0.474,1.498929336188426
2022-06-16,0.482,0.482,1.6877637130801704
2022-06-17,0.48,0.48,-0.4149377593360981
2022-06-20,0.483,0.483,0.6250000000000089
2022-06-21,0.479,0.479,-0.8281573498964856
2022-06-22,0.463,0.463,-3.3402922755741082
2022-06-23,0.475,0.475,2.591792656587466
2022-06-24,0.481,0.481,1.2631578947368327
2022-06-27,0.488,0.488,1.455301455301461
2022-06-28,0.505,0.505,3.4836065573770503
2022-06-29,0.497,0.497,-1.5841584158415856
2022-06-30,0.507,0.507,2.012072434607637
2022-07-01,0.505,0.505,-0.39447731755424265
2022-07-04,0.49,0.49,-2.970297029702973
2022-07-05,0.488,0.488,-0.40816326530612734
2022-07-06,0.498,0.498,2.049180327868849
2022-07-07,0.496,0.496,-0.40160642570281624
2022-07-08,0.499,0.499,0.6048387096774244
2022-07-11,0.486,0.486,-2.605210420841686
2022-07-12,0.469,0.469,-3.4979423868312765
2022-07-13,0.462,0.462,-1.492537313432829
2022-07-14,0.467,0.467,1.0822510822510845
2022-07-15,0.466,0.466,-0.21413276231263545
2022-07-18,0.466,0.466,0.0
2022-07-19,0.463,0.463,-0.6437768240343367
2022-07-20,0.468,0.468,1.0799136069114423
2022-07-21,0.48,0.48,2.564102564102555
2022-07-22,0.472,0.472,-1.6666666666666718
2022-07-25,0.466,0.466,-1.2711864406779516
2022-07-26,0.469,0.469,0.6437768240343145
2022-07-27,0.463,0.463,-1.2793176972281328
2022-07-28,0.474,0.474,2.3758099352051643
2022-07-29,0.461,0.461,-2.742616033755263
2022-08-01,0.468,0.468,1.5184381778741818
2022-08-02,0.466,0.466,-0.42735042735042583
2022-08-03,0.483,0.483,3.648068669527893
2022-08-04,0.492,0.492,1.8633540372670732
2022-08-05,0.532,0.532,8.130081300813007
2022-08-08,0.526,0.526,-1.1278195488721776
2022-08-09,0.531,0.531,0.9505703422053147
2022-08-10,0.526,0.526,-0.941619585687381
2022-08-11,0.535,0.535,1.7110266159695797
2022-08-12,0.522,0.522,-2.4299065420560817
2022-08-15,0.516,0.516,-1.1494252873563204
2022-08-16,0.512,0.512,-0.7751937984496138
2022-08-17,0.513,0.513,0.1953125
2022-08-18,0.516,0.516,0.5847953216374213
2022-08-19,0.501,0.501,-2.9069767441860517
2022-08-22,0.501,0.501,0.0
2022-08-23,0.498,0.498,-0.5988023952095856
2022-08-24,0.475,0.475,-4.618473895582332
2022-08-25,0.473,0.473,-0.42105263157894424
2022-08-26,0.465,0.465,-1.6913319238900493
2022-08-29,0.464,0.464,-0.21505376344086446
2022-08-30,0.468,0.468,0.8620689655172376
2022-08-31,0.463,0.463,-1.0683760683760646
2022-09-01,0.459,0.459,-0.8639308855291628
2022-09-02,0.465,0.465,1.3071895424836555
2022-09-05,0.462,0.462,-0.6451612903225823
2022-09-06,0.466,0.466,0.8658008658008587
2022-09-07,0.478,0.478,2.5751072961373245
2022-09-08,0.471,0.471,-1.4644351464435212
2022-09-09,0.47,0.47,-0.2123142250530785
2022-09-13,0.47,0.47,0.0
2022-09-14,0.471,0.471,0.21276595744681437
2022-09-15,0.456,0.456,-3.1847133757961665
2022-09-16,0.453,0.453,-0.6578947368421018
2022-09-19,0.444,0.444,-1.9867549668874163
2022-09-20,0.445,0.445,0.22522522522523403
2022-09-21,0.436,0.436,-2.0224719101123667
2022-09-22,0.434,0.434,-0.4587155963302725
2022-09-23,0.422,0.422,-2.7649769585253448
2022-09-26,0.423,0.423,0.23696682464455776
2022-09-27,0.432,0.432,2.127659574468077
2022-09-28,0.42,0.42,-2.777777777777779
2022-09-29,0.42,0.42,0.0
2022-09-30,0.41,0.41,-2.3809523809523836
2022-10-10,0.38,0.38,-7.317073170731703
2022-10-11,0.375,0.375,-1.3157894736842146
2022-10-12,0.39,0.39,4.0000000000000036
2022-10-13,0.387,0.387,-0.7692307692307665
2022-10-14,0.397,0.397,2.5839793281653867
2022-10-17,0.405,0.405,2.015113350125941
2022-10-18,0.401,0.401,-0.987654320987652
2022-10-19,0.399,0.399,-0.4987531172069848
2022-10-20,0.42,0.42,5.263157894736836
2022-10-21,0.412,0.412,-1.904761904761909
2022-10-24,0.413,0.413,0.24271844660195274
2022-10-25,0.411,0.411,-0.4842615012106588
2022-10-26,0.422,0.422,2.676399026763998
2022-10-27,0.424,0.424,0.4739336492890933
2022-10-28,0.419,0.419,-1.1792452830188704
2022-10-31,0.428,0.428,2.147971360381873
2022-11-01,0.43,0.43,0.4672897196261738
2022-11-02,0.431,0.431,0.23255813953488857
2022-11-03,0.445,0.445,3.2482598607888713
2022-11-04,0.449,0.449,0.8988764044943753
2022-11-07,0.443,0.443,-1.3363028953229383
2022-11-08,0.438,0.438,-1.1286681715575675
2022-11-09,0.434,0.434,-0.91324200913242
2022-11-10,0.422,0.422,-2.7649769585253448
2022-11-11,0.428,0.428,1.4218009478673022
2022-11-14,0.432,0.432,0.9345794392523477
2022-11-15,0.46,0.46,6.481481481481488
2022-11-16,0.452,0.452,-1.7391304347826098
2022-11-17,0.463,0.463,2.433628318584069
2022-11-18,0.452,0.452,-2.3758099352051865
2022-11-21,0.448,0.448,-0.8849557522123908
2022-11-22,0.444,0.444,-0.8928571428571397
2022-11-23,0.44,0.44,-0.9009009009009028
2022-11-24,0.436,0.436,-0.909090909090915
2022-11-25,0.432,0.432,-0.9174311926605561
2022-11-28,0.427,0.427,-1.157407407407407
2022-11-29,0.435,0.435,1.87353629976581
2022-11-30,0.432,0.432,-0.6896551724137945
2022-12-01,0.438,0.438,1.388888888888884
2022-12-02,0.435,0.435,-0.6849315068493178
2022-12-05,0.437,0.437,0.45977011494253706
2022-12-06,0.446,0.446,2.0594965675057253
2022-12-07,0.441,0.441,-1.1210762331838597
2022-12-08,0.434,0.434,-1.5873015873015928
2022-12-09,0.439,0.439,1.1520737327189057
2022-12-12,0.447,0.447,1.8223234624145768
2022-12-13,0.44,0.44,-1.5659955257270708
2022-12-14,0.44,0.44,0.0
2022-12-15,0.446,0.446,1.3636363636363669
2022-12-16,0.437,0.437,-2.0179372197309475
2022-12-19,0.426,0.426,-2.517162471395884
2022-12-20,0.426,0.426,0.0
2022-12-21,0.421,0.421,-1.1737089201877993
2022-12-22,0.413,0.413,-1.9002375296912177
2022-12-23,0.404,0.404,-2.1791767554479313
2022-12-26,0.415,0.415,2.722772277227703
2022-12-27,0.42,0.42,1.2048192771084265
2022-12-28,0.416,0.416,-0.952380952380949
2022-12-29,0.414,0.414,-0.48076923076922906
2022-12-30,0.412,0.412,-0.48309178743961567
2023-01-03,0.418,0.418,1.4563106796116498
2023-01-04,0.415,0.415,-0.7177033492822948
2023-01-05,0.419,0.419,0.9638554216867545
2023-01-06,0.418,0.418,-0.23866348448687846
2023-01-09,0.421,0.421,0.7177033492822948
2023-01-10,0.424,0.424,0.7125890736342066
2023-01-11,0.42,0.42,-0.9433962264150941
2023-01-12,0.418,0.418,-0.4761904761904745
2023-01-13,0.419,0.419,0.23923444976077235
2023-01-16,0.431,0.431,2.863961813842475
2023-01-17,0.441,0.441,2.3201856148491906
2023-01-18,0.44,0.44,-0.22675736961451642
2023-01-19,0.45,0.45,2.2727272727272707
2023-01-20,0.452,0.452,0.4444444444444473
2023-01-30,0.449,0.449,-0.6637168141592875
2023-01-31,0.44,0.44,-2.0044543429844075
2023-02-01,0.447,0.447,1.5909090909090873
2023-02-02,0.453,0.453,1.342281879194629
2023-02-03,0.455,0.455,0.44150110375276164
2023-02-06,0.448,0.448,-1.538461538461544
2023-02-07,0.447,0.447,-0.22321428571429047
2023-02-08,0.442,0.442,-1.1185682326621982
2023-02-09,0.462,0.462,4.52488687782806
2023-02-10,0.457,0.457,-1.0822510822510845
2023-02-13,0.46,0.46,0.6564551422319376
2023-02-14,0.458,0.458,-0.43478260869564966
2023-02-15,0.463,0.463,1.091703056768556
2023-02-16,0.451,0.451,-2.591792656587477
2023-02-17,0.436,0.436,-3.3259423503326
2023-02-20,0.441,0.441,1.1467889908256979
2023-02-21,0.439,0.439,-0.45351473922902175
2023-02-22,0.438,0.438,-0.2277904328018221
2023-02-23,0.436,0.436,-0.45662100456621557
2023-02-24,0.437,0.437,0.2293577981651307
2023-02-27,0.428,0.428,-2.0594965675057253
2023-02-28,0.43,0.43,0.4672897196261738
2023-03-01,0.436,0.436,1.3953488372093092
2023-03-02,0.432,0.432,-0.9174311926605561
2023-03-03,0.443,0.443,2.546296296296302
2023-03-06,0.446,0.446,0.6772009029345272
2023-03-07,0.433,0.433,-2.914798206278024
2023-03-08,0.437,0.437,0.9237875288683695
2023-03-09,0.442,0.442,1.1441647597254079
2023-03-10,0.439,0.439,-0.6787330316742057
2023-03-13,0.44,0.44,0.2277904328018332
2023-03-14,0.453,0.453,2.954545454545454
2023-03-15,0.453,0.453,0.0
2023-03-16,0.452,0.452,-0.22075055187638082
2023-03-17,0.461,0.461,1.9911504424778848
2023-03-20,0.47,0.47,1.9522776572667988
2023-03-21,0.468,0.468,-0.42553191489360653
2023-03-22,0.469,0.469,0.21367521367521292
2023-03-23,0.49,0.49,4.47761194029852
2023-03-24,0.486,0.486,-0.8163265306122436
2023-03-27,0.48,0.48,-1.2345679012345734
2023-03-28,0.466,0.466,-2.9166666666666563
2023-03-29,0.48,0.48,3.0042918454935563
2023-03-30,0.485,0.485,1.041666666666674
2023-03-31,0.489,0.489,0.8247422680412342
2023-04-03,0.514,0.514,5.112474437627812
2023-04-04,0.521,0.521,1.3618677042801508
2023-04-06,0.545,0.545,4.606525911708248
2023-04-07,0.551,0.551,1.1009174311926717
2023-04-10,0.531,0.531,-3.629764065335761
2023-04-11,0.529,0.529,-0.37664783427495685
2023-04-12,0.537,0.537,1.512287334593565
2023-04-13,0.516,0.516,-3.9106145251396662
2023-04-14,0.543,0.543,5.232558139534893
2023-04-17,0.537,0.537,-1.104972375690605
2023-04-18,0.525,0.525,-2.2346368715083775
2023-04-19,0.527,0.527,0.3809523809523707
2023-04-20,0.542,0.542,2.8462998102466885
2023-04-21,0.511,0.511,-5.719557195571956
2023-04-24,0.497,0.497,-2.73972602739726
2023-04-25,0.485,0.485,-2.4144869215291798
2023-04-26,0.472,0.472,-2.680412371134022
2023-04-27,0.473,0.473,0.21186440677967155
2023-04-28,0.481,0.481,1.6913319238900604
2023-05-04,0.466,0.466,-3.118503118503113
2023-05-05,0.461,0.461,-1.0729613733905574
2023-05-08,0.462,0.462,0.2169197396963085
2023-05-09,0.452,0.452,-2.164502164502169
2023-05-10,0.446,0.446,-1.3274336283185861
2023-05-11,0.448,0.448,0.4484304932735439
2023-05-12,0.443,0.443,-1.1160714285714302
2023-05-15,0.447,0.447,0.9029345372460584
2023-05-16,0.45,0.45,0.6711409395973256
2023-05-17,0.454,0.454,0.8888888888888946
2023-05-18,0.456,0.456,0.4405286343612369
2023-05-19,0.465,0.465,1.9736842105263275
2023-05-22,0.461,0.461,-0.8602150537634468
2023-05-23,0.452,0.452,-1.95227765726681
2023-05-24,0.453,0.453,0.22123893805310324
2023-05-25,0.457,0.457,0.8830022075055233
2023-05-26,0.465,0.465,1.7505470459518557
2023-05-29,0.468,0.468,0.6451612903225712
2023-05-30,0.471,0.471,0.6410256410256387
2023-05-31,0.475,0.475,0.849256900212314
2023-06-01,0.473,0.473,-0.42105263157894424
2023-06-02,0.471,0.471,-0.42283298097252064
2023-06-05,0.473,0.473,0.424628450106157
2023-06-06,0.458,0.458,-3.1712473572938604
2023-06-07,0.46,0.46,0.4366812227074135
2023-06-08,0.451,0.451,-1.9565217391304346
2023-06-09,0.457,0.457,1.330376940133049
2023-06-12,0.456,0.456,-0.2188183807439792
2023-06-13,0.471,0.471,3.289473684210509
2023-06-14,0.47,0.47,-0.2123142250530785
2023-06-15,0.467,0.467,-0.6382978723404098
2023-06-16,0.471,0.471,0.8565310492505196
2023-06-19,0.473,0.473,0.424628450106157
2023-06-20,0.472,0.472,-0.21141649048626032
2023-06-21,0.453,0.453,-4.025423728813548
2023-06-26,0.446,0.446,-1.5452538631346546
2023-06-27,0.446,0.446,0.0
2023-06-28,0.444,0.444,-0.4484304932735439
2023-06-29,0.443,0.443,-0.22522522522522292
2023-06-30,0.447,0.447,0.9029345372460584
2023-07-03,0.45,0.45,0.6711409395973256
2023-07-04,0.459,0.459,2.0000000000000018
2023-07-05,0.455,0.455,-0.8714596949891074
2023-07-06,0.456,0.456,0.219780219780219
2023-07-07,0.448,0.448,-1.7543859649122862
2023-07-10,0.449,0.449,0.22321428571427937
2023-07-11,0.461,0.461,2.6726057906458767
2023-07-12,0.451,0.451,-2.1691973969631295
2023-07-13,0.46,0.46,1.9955654101995624
2023-07-14,0.461,0.461,0.21739130434783593
2023-07-17,0.456,0.456,-1.0845986984815648
2023-07-18,0.457,0.457,0.21929824561404132
2023-07-19,0.452,0.452,-1.0940919037199182
2023-07-20,0.444,0.444,-1.7699115044247815
2023-07-21,0.442,0.442,-0.45045045045044585
2023-07-24,0.439,0.439,-0.6787330316742057
2023-07-25,0.445,0.445,1.3667425968109326
2023-07-26,0.444,0.444,-0.22471910112359383
2023-07-27,0.438,0.438,-1.3513513513513487
2023-07-28,0.439,0.439,0.22831050228311334
2023-07-31,0.444,0.444,1.1389521640091216
2023-08-01,0.444,0.444,0.0
2023-08-02,0.444,0.444,0.0
2023-08-03,0.445,0.445,0.22522522522523403
2023-08-04,0.443,0.443,-0.44943820224718767
2023-08-07,0.44,0.44,-0.6772009029345383
2023-08-08,0.439,0.439,-0.2272727272727315
2023-08-09,0.434,0.434,-1.1389521640091105
2023-08-10,0.435,0.435,0.23041474654377225
2023-08-11,0.425,0.425,-2.298850574712641
2023-08-14,0.422,0.422,-0.7058823529411784
2023-08-15,0.412,0.412,-2.3696682464455
2023-08-16,0.403,0.403,-2.1844660194174637
2023-08-17,0.407,0.407,0.9925558312654958
2023-08-18,0.401,0.401,-1.4742014742014642
2023-08-21,0.396,0.396,-1.2468827930174564
2023-08-22,0.402,0.402,1.5151515151515138
2023-08-23,0.392,0.392,-2.487562189054726
2023-08-24,0.399,0.399,1.7857142857142794
2023-08-25,0.389,0.389,-2.506265664160401
2023-08-28,0.391,0.391,0.5141388174807249
2023-08-29,0.407,0.407,4.0920716112531785
2023-08-30,0.418,0.418,2.7027027027026973
2023-08-31,0.422,0.422,0.9569377990430672
2023-09-01,0.419,0.419,-0.7109004739336511
2023-09-04,0.425,0.425,1.4319809069212486
2023-09-05,0.424,0.424,-0.23529411764705577
2023-09-06,0.436,0.436,2.8301886792452935
2023-09-07,0.419,0.419,-3.899082568807344
2023-09-08,0.423,0.423,0.9546539379474916
2023-09-11,0.424,0.424,0.23640661938533203
2023-09-12,0.42,0.42,-0.9433962264150941
2023-09-13,0.415,0.415,-1.1904761904761862
2023-09-14,0.409,0.409,-1.4457831325301207
2023-09-15,0.415,0.415,1.4669926650366705
2023-09-18,0.408,0.408,-1.6867469879518038
2023-09-19,0.406,0.406,-0.4901960784313597
2023-09-20,0.4,0.4,-1.4778325123152691
2023-09-21,0.399,0.399,-0.24999999999999467
2023-09-22,0.408,0.408,2.2556390977443552
2023-09-25,0.404,0.404,-0.9803921568627305
2023-09-26,0.4,0.4,-0.990099009900991
2023-09-27,0.4,0.4,0.0
2023-09-28,0.405,0.405,1.2499999999999956
2023-10-09,0.408,0.408,0.7407407407407307
2023-10-10,0.411,0.411,0.7352941176470562
2023-10-11,0.418,0.418,1.7031630170316392
2023-10-12,0.42,0.42,0.4784688995215225
2023-10-13,0.42,0.42,0.0
2023-10-16,0.408,0.408,-2.857142857142858
2023-10-17,0.412,0.412,0.9803921568627416
2023-10-18,0.406,0.406,-1.4563106796116387
2023-10-19,0.411,0.411,1.231527093596041
2023-10-20,0.403,0.403,-1.9464720194647067
2023-10-23,0.393,0.393,-2.481389578163773
2023-10-24,0.4,0.4,1.781170483460559
2023-10-25,0.403,0.403,0.7500000000000062
2023-10-26,0.401,0.401,-0.496277915632759
2023-10-27,0.409,0.409,1.995012468827917
2023-10-30,0.427,0.427,4.400977995110034
2023-10-31,0.427,0.427,0.0
2023-11-01,0.425,0.425,-0.4683840749414525
2023-11-02,0.419,0.419,-1.4117647058823568
2023-11-03,0.43,0.43,2.6252983293556076
2023-11-06,0.439,0.439,2.0930232558139528
2023-11-07,0.44,0.44,0.2277904328018332
2023-11-08,0.441,0.441,0.2272727272727204
2023-11-09,0.436,0.436,-1.13378684807256
2023-11-10,0.435,0.435,-0.2293577981651418
2023-11-13,0.436,0.436,0.22988505747125743
2023-11-14,0.441,0.441,1.1467889908256979
2023-11-15,0.439,0.439,-0.45351473922902175
2023-11-16,0.433,0.433,-1.3667425968109326
2023-11-17,0.434,0.434,0.23094688221709792
2023-11-20,0.433,0.433,-0.23041474654378336
2023-11-21,0.427,0.427,-1.385681293302543
2023-11-22,0.421,0.421,-1.4051522248243575
2023-11-23,0.424,0.424,0.7125890736342066
2023-11-24,0.417,0.417,-1.650943396226412
2023-11-27,0.424,0.424,1.6786570743405393
2023-11-28,0.424,0.424,0.0
2023-11-29,0.424,0.424,0.0
2023-11-30,0.422,0.422,-0.4716981132075526
2023-12-01,0.424,0.424,0.4739336492890933
2023-12-04,0.42,0.42,-0.9433962264150941
2023-12-05,0.408,0.408,-2.857142857142858
2023-12-06,0.407,0.407,-0.2450980392156854
2023-12-07,0.403,0.403,-0.9828009828009687
2023-12-08,0.409,0.409,1.4888337468982549
2023-12-11,0.416,0.416,1.7114914425427896
2023-12-12,0.416,0.416,0.0
2023-12-13,0.412,0.412,-0.9615384615384581
2023-12-14,0.411,0.411,-0.24271844660194164
2023-12-15,0.407,0.407,-0.9732360097323589
2023-12-18,0.4,0.4,-1.7199017199017064
2023-12-19,0.404,0.404,1.0000000000000009
2023-12-20,0.4,0.4,-0.990099009900991
2023-12-21,0.403,0.403,0.7500000000000062
2023-12-22,0.398,0.398,-1.2406947890818865
2023-12-25,0.395,0.395,-0.7537688442211032
2023-12-26,0.386,0.386,-2.278481012658229
2023-12-27,0.391,0.391,1.2953367875647714
2023-12-28,0.4,0.4,2.3017902813299296
2023-12-29,0.402,0.402,0.49999999999998934
2024-01-02,0.395,0.395,-1.741293532338306
2024-01-03,0.388,0.388,-1.7721518987341756
2024-01-04,0.382,0.382,-1.5463917525773252
2024-01-05,0.375,0.375,-1.832460732984298
2024-01-08,0.362,0.362,-3.4666666666666734
2024-01-09,0.363,0.363,0.2762430939226457
2024-01-10,0.359,0.359,-1.1019283746556474
2024-01-11,0.364,0.364,1.392757660167132
2024-01-12,0.357,0.357,-1.9230769230769273
2024-01-15,0.36,0.36,0.8403361344537785
2024-01-16,0.359,0.359,-0.2777777777777768
2024-01-17,0.348,0.348,-3.064066852367686
2024-01-18,0.356,0.356,2.298850574712641
2024-01-19,0.354,0.354,-0.5617977528089901
2024-01-22,0.339,0.339,-4.237288135593209
2024-01-23,0.342,0.342,0.8849557522123908
2024-01-24,0.341,0.341,-0.29239766081871066
2024-01-25,0.349,0.349,2.346041055718451
2024-01-26,0.338,0.338,-3.1518624641833637
2024-01-29,0.328,0.328,-2.9585798816568087
2024-01-30,0.314,0.314,-4.268292682926833
2024-01-31,0.306,0.306,-2.547770700636942
2024-02-01,0.309,0.309,0.9803921568627416
2024-02-02,0.296,0.296,-4.207119741100329
2024-02-05,0.289,0.289,-2.3648648648648685
2024-02-06,0.311,0.311,7.61245674740485
2024-02-07,0.319,0.319,2.5723472668810254
2024-02-08,0.332,0.332,4.0752351097178785
2024-02-19,0.337,0.337,1.5060240963855387
2024-02-20,0.335,0.335,-0.5934718100890191
2024-02-21,0.336,0.336,0.29850746268655914
2024-02-22,0.342,0.342,1.7857142857142794
2024-02-23,0.344,0.344,0.5847953216374213
2024-02-26,0.347,0.347,0.8720930232558155
2024-02-27,0.363,0.363,4.610951008645547
2024-02-28,0.345,0.345,-4.958677685950419
2024-02-29,0.368,0.368,6.666666666666665
2024-03-01,0.373,0.373,1.3586956521739246
2024-03-04,0.375,0.375,0.536193029490617
2024-03-05,0.373,0.373,-0.5333333333333301
2024-03-06,0.367,0.367,-1.608579088471851
2024-03-07,0.36,0.36,-1.9073569482288888
2024-03-08,0.369,0.369,2.5000000000000133
2024-03-11,0.373,0.373,1.084010840108407
2024-03-12,0.375,0.375,0.536193029490617
2024-03-13,0.375,0.375,0.0
2024-03-14,0.369,0.369,-1.6000000000000014
2024-03-15,0.371,0.371,0.5420054200542035
2024-03-18,0.382,0.382,2.96495956873315
2024-03-19,0.377,0.377,-1.308900523560208
2024-03-20,0.378,0.378,0.2652519893899141
2024-03-21,0.377,0.377,-0.2645502645502673
2024-03-22,0.373,0.373,-1.0610079575596787
2024-03-25,0.363,0.363,-2.680965147453085
2024-03-26,0.358,0.358,-1.377410468319562
2024-03-27,0.345,0.345,-3.6312849162011163
2024-03-28,0.352,0.352,2.0289855072463725
2024-03-29,0.353,0.353,0.28409090909091717
2024-04-01,0.357,0.357,1.1331444759206777
2024-04-02,0.352,0.352,-1.400560224089642
2024-04-03,0.349,0.349,-0.8522727272727293
2024-04-08,0.339,0.339,-2.865329512893966
2024-04-09,0.343,0.343,1.179941002949847
2024-04-10,0.333,0.333,-2.9154518950437303
2024-04-11,0.332,0.332,-0.30030030030030463
2024-04-12,0.335,0.335,0.9036144578313365
2024-04-15,0.338,0.338,0.8955223880596996
2024-04-16,0.326,0.326,-3.5502958579881727
2024-04-17,0.341,0.341,4.601226993865026
2024-04-18,0.338,0.338,-0.8797653958944274
2024-04-19,0.327,0.327,-3.2544378698224907
2024-04-22,0.329,0.329,0.6116207951070374
2024-04-23,0.328,0.328,-0.3039513677811523
2024-04-24,0.335,0.335,2.1341463414634054
2024-04-25,0.336,0.336,0.29850746268655914
2024-04-26,0.345,0.345,2.678571428571419
2024-04-29,0.357,0.357,3.4782608695652195
2024-04-30,0.352,0.352,-1.400560224089642
2024-05-06,0.356,0.356,1.1363636363636465
2024-05-07,0.354,0.354,-0.5617977528089901
2024-05-08,0.348,0.348,-1.6949152542372947
2024-05-09,0.356,0.356,2.298850574712641
2024-05-10,0.349,0.349,-1.96629213483146
2024-05-13,0.344,0.344,-1.4326647564469885
2024-05-14,0.344,0.344,0.0
2024-05-15,0.339,0.339,-1.4534883720930036
2024-05-16,0.34,0.34,0.2949852507374562
2024-05-17,0.345,0.345,1.4705882352941124
2024-05-20,0.345,0.345,0.0
2024-05-21,0.343,0.343,-0.5797101449275255
2024-05-22,0.344,0.344,0.2915451895043608
2024-05-23,0.338,0.338,-1.7441860465116088
2024-05-24,0.329,0.329,-2.6627218934911268
2024-05-27,0.341,0.341,3.647416413373872
2024-05-28,0.342,0.342,0.2932551319648091
2024-05-29,0.339,0.339,-0.8771929824561431
2024-05-30,0.347,0.347,2.359882005899694
2024-05-31,0.347,0.347,0.0
2024-06-03,0.353,0.353,1.729106628242083
2024-06-04,0.352,0.352,-0.283286118980175
2024-06-05,0.353,0.353,0.28409090909091717
2024-06-06,0.352,0.352,-0.283286118980175
2024-06-07,0.352,0.352,0.0
2024-06-11,0.366,0.366,3.9772727272727293
2024-06-12,0.365,0.365,-0.2732240437158473
2024-06-13,0.368,0.368,0.8219178082191858
2024-06-14,0.367,0.367,-0.27173913043477826
2024-06-17,0.374,0.374,1.9073569482288777
2024-06-18,0.374,0.374,0.0
2024-06-19,0.375,0.375,0.2673796791443861
2024-06-20,0.375,0.375,0.0
2024-06-21,0.376,0.376,0.2666666666666595
2024-06-24,0.365,0.365,-2.92553191489362
2024-06-25,0.351,0.351,-3.835616438356171
2024-06-26,0.36,0.36,2.564102564102577
2024-06-27,0.354,0.354,-1.6666666666666718
2024-06-28,0.355,0.355,0.28248587570620654
2024-07-01,0.353,0.353,-0.5633802816901401
2024-07-02,0.347,0.347,-1.6997167138810165
2024-07-03,0.352,0.352,1.4409221902017322
2024-07-04,0.345,0.345,-1.9886363636363646
2024-07-05,0.345,0.345,0.0
2024-07-08,0.345,0.345,0.0
2024-07-09,0.359,0.359,4.057971014492767
2024-07-10,0.358,0.358,-0.278551532033422
2024-07-11,0.362,0.362,1.1173184357541999
2024-07-12,0.365,0.365,0.8287292817679592
2024-07-15,0.366,0.366,0.273972602739736
2024-07-16,0.377,0.377,3.005464480874309
2024-07-17,0.372,0.372,-1.326259946949604
2024-07-18,0.375,0.375,0.8064516129032251
2024-07-19,0.384,0.384,2.400000000000002
2024-07-22,0.385,0.385,0.26041666666667407
2024-07-23,0.367,0.367,-4.675324675324677
2024-07-24,0.361,0.361,-1.6348773841961872
2024-07-25,0.358,0.358,-0.8310249307479256
2024-07-26,0.36,0.36,0.5586592178770999
2024-07-29,0.355,0.355,-1.388888888888895
2024-07-30,0.36,0.36,1.4084507042253502
2024-07-31,0.374,0.374,3.8888888888888973
2024-08-01,0.376,0.376,0.5347593582887722
2024-08-02,0.365,0.365,-2.92553191489362
2024-08-05,0.347,0.347,-4.93150684931507
2024-08-06,0.35,0.35,0.8645533141210304
2024-08-07,0.347,0.347,-0.8571428571428563
2024-08-08,0.349,0.349,0.5763688760807018
2024-08-09,0.349,0.349,0.0
2024-08-12,0.346,0.346,-0.8595988538681931
2024-08-13,0.349,0.349,0.8670520231213841
2024-08-14,0.344,0.344,-1.4326647564469885
2024-08-15,0.346,0.346,0.5813953488372103
2024-08-16,0.345,0.345,-0.28901734104046506
2024-08-19,0.345,0.345,0.0
2024-08-20,0.339,0.339,-1.7391304347825987
2024-08-21,0.337,0.337,-0.5899705014749235
2024-08-22,0.332,0.332,-1.4836795252225476
2024-08-23,0.33,0.33,-0.6024096385542133
2024-08-26,0.329,0.329,-0.303030303030305
2024-08-27,0.324,0.324,-1.5197568389057725
2024-08-28,0.324,0.324,0.0
2024-08-29,0.328,0.328,1.2345679012345734
2024-08-30,0.34,0.34,3.658536585365857
2024-09-02,0.327,0.327,-3.8235294117647145
2024-09-03,0.33,0.33,0.917431192660545
2024-09-04,0.327,0.327,-0.909090909090915
2024-09-05,0.327,0.327,0.0
2024-09-06,0.322,0.322,-1.5290519877675823
2024-09-09,0.32,0.32,-0.6211180124223614
2024-09-10,0.323,0.323,0.9374999999999911
2024-09-11,0.322,0.322,-0.3095975232198178
2024-09-12,0.318,0.318,-1.2422360248447228
2024-09-13,0.314,0.314,-1.2578616352201255
2024-09-18,0.312,0.312,-0.6369426751592355
2024-09-19,0.315,0.315,0.9615384615384581
2024-09-20,0.313,0.313,-0.6349206349206327
2024-09-23,0.31,0.31,-0.9584664536741228
2024-09-24,0.322,0.322,3.8709677419354938
2024-09-25,0.324,0.324,0.6211180124223503
2024-09-26,0.339,0.339,4.629629629629628
2024-09-27,0.361,0.361,6.489675516224169
2024-09-30,0.397,0.397,9.972299168975084
2024-10-08,0.437,0.437,10.075566750629728
2024-10-09,0.48,0.48,9.839816933638446
2024-10-10,0.463,0.463,-3.541666666666654
2024-10-11,0.437,0.437,-5.615550755939525
2024-10-14,0.455,0.455,4.118993135011451
2024-10-15,0.446,0.446,-1.978021978021982
2024-10-16,0.437,0.437,-2.0179372197309475
2024-10-17,0.439,0.439,0.4576659038901587
2024-10-18,0.483,0.483,10.022779043280172
2024-10-21,0.504,0.504,4.347826086956519
2024-10-22,0.495,0.495,-1.7857142857142905
2024-10-23,0.488,0.488,-1.4141414141414121
2024-10-24,0.489,0.489,0.2049180327868827
2024-10-25,0.492,0.492,0.6134969325153339
2024-10-28,0.491,0.491,-0.20325203252032908
2024-10-29,0.487,0.487,-0.8146639511201648
2024-10-30,0.482,0.482,-1.0266940451745366
2024-10-31,0.493,0.493,2.2821576763485396
2024-11-01,0.472,0.472,-4.259634888438136
2024-11-04,0.48,0.48,1.6949152542372836
2024-11-05,0.504,0.504,5.000000000000004
2024-11-06,0.509,0.509,0.9920634920634885
2024-11-07,0.525,0.525,3.143418467583503
2024-11-08,0.528,0.528,0.5714285714285783
2024-11-11,0.561,0.561,6.25
2024-11-12,0.547,0.547,-2.4955436720142665
2024-11-13,0.548,0.548,0.1828153564899404
2024-11-14,0.526,0.526,-4.014598540145986
2024-11-15,0.504,0.504,-4.1825095057034245
2024-11-18,0.492,0.492,-2.3809523809523836
2024-11-19,0.509,0.509,3.455284552845539
2024-11-20,0.509,0.509,0.0
2024-11-21,0.511,0.511,0.39292730844793233
2024-11-22,0.49,0.49,-4.109589041095896
2024-11-25,0.484,0.484,-1.224489795918371
2024-11-26,0.48,0.48,-0.8264462809917328
2024-11-27,0.495,0.495,3.125
2024-11-28,0.494,0.494,-0.20202020202020332
2024-11-29,0.503,0.503,1.8218623481781382
2024-12-02,0.507,0.507,0.7952286282306265
2024-12-03,0.501,0.501,-1.183431952662728
2024-12-04,0.502,0.502,0.1996007984031989
2024-12-05,0.501,0.501,-0.19920318725099584
2024-12-06,0.507,0.507,1.1976047904191711
2024-12-09,0.498,0.498,-1.7751479289940808
2024-12-10,0.503,0.503,1.0040160642570184
2024-12-11,0.504,0.504,0.1988071570576455
2024-12-12,0.507,0.507,0.5952380952380931
2024-12-13,0.5,0.5,-1.3806706114398382
2024-12-16,0.49,0.49,-2.0000000000000018
2024-12-17,0.485,0.485,-1.0204081632653073
2024-12-18,0.5,0.5,3.0927835051546504
2024-12-19,0.509,0.509,1.8000000000000016
2024-12-20,0.526,0.526,3.3398821218074692
2024-12-23,0.517,0.517,-1.7110266159695797
2024-12-24,0.525,0.525,1.547388781431347
2024-12-25,0.524,0.524,-0.19047619047618536
2024-12-26,0.534,0.534,1.9083969465648831
2024-12-27,0.528,0.528,-1.1235955056179803
2024-12-30,0.529,0.529,0.18939393939394478
2024-12-31,0.505,0.505,-4.536862003780717
2025-01-02,0.482,0.482,-4.5544554455445585
2025-01-03,0.471,0.471,-2.2821576763485507
2025-01-06,0.468,0.468,-0.6369426751592244
2025-01-07,0.489,0.489,4.487179487179471
2025-01-08,0.489,0.489,0.0
2025-01-09,0.49,0.49,0.2044989775051187
2025-01-10,0.488,0.488,-0.40816326530612734
2025-01-13,0.486,0.486,-0.4098360655737654
2025-01-14,0.505,0.505,3.9094650205761416
2025-01-15,0.505,0.505,0.0
2025-01-16,0.494,0.494,-2.17821782178218
2025-01-17,0.506,0.506,2.429149797570851
2025-01-20,0.505,0.505,-0.19762845849802257
2025-01-21,0.512,0.512,1.3861386138613874
2025-01-22,0.511,0.511,-0.1953125
2025-01-23,0.504,0.504,-1.3698630136986356
2025-01-24,0.509,0.509,0.9920634920634885
2025-01-27,0.495,0.495,-2.7504911591355596
2025-02-05,0.509,0.509,2.8282828282828243
2025-02-06,0.53,0.53,4.125736738703334
2025-02-07,0.531,0.531,0.18867924528302993
2025-02-10,0.537,0.537,1.1299435028248705
2025-02-11,0.531,0.531,-1.1173184357541888
2025-02-12,0.549,0.549,3.3898305084745894
2025-02-13,0.532,0.532,-3.0965391621129323
2025-02-14,0.531,0.531,-0.1879699248120259
2025-02-17,0.538,0.538,1.3182674199623268
2025-02-18,0.527,0.527,-2.0446096654275103
2025-02-19,0.551,0.551,4.554079696394697
2025-02-20,0.548,0.548,-0.5444646098003658
2025-02-21,0.576,0.576,5.109489051094873
2025-02-24,0.578,0.578,0.3472222222222321
2025-02-25,0.576,0.576,-0.34602076124568004
2025-02-26,0.586,0.586,1.736111111111116
2025-02-27,0.582,0.582,-0.6825938566552892
2025-02-28,0.554,0.554,-4.810996563573866
2025-03-03,0.547,0.547,-1.2635379061371799
2025-03-04,0.562,0.562,2.7422303473491727
2025-03-05,0.564,0.564,0.3558718861209842
2025-03-06,0.579,0.579,2.659574468085113
2025-03-07,0.571,0.571,-1.3816925734024155
2025-03-10,0.571,0.571,0.0
2025-03-11,0.566,0.566,-0.8756567425569184
2025-03-12,0.564,0.564,-0.35335689045936647
2025-03-13,0.548,0.548,-2.8368794326240954
2025-03-14,0.559,0.559,2.007299270072993
2025-03-17,0.556,0.556,-0.536672629695889
2025-03-18,0.56,0.56,0.7194244604316502
2025-03-19,0.553,0.553,-1.2499999999999956
2025-03-20,0.547,0.547,-1.0849909584086825
2025-03-21,0.532,0.532,-2.742230347349184
2025-03-24,0.536,0.536,0.7518796992481258
2025-03-25,0.526,0.526,-1.8656716417910446
2025-03-26,0.526,0.526,0.0
2025-03-27,0.532,0.532,1.1406844106463865
2025-03-28,0.524,0.524,-1.5037593984962405
2025-03-31,0.525,0.525,0.1908396946564972
2025-04-01,0.525,0.525,0.0
2025-04-02,0.524,0.524,-0.19047619047618536
2025-04-03,0.521,0.521,-0.5725190839694694
2025-04-07,0.472,0.472,-9.404990403071023
2025-04-08,0.473,0.473,0.21186440677967155
2025-04-09,0.497,0.497,5.073995771670203
2025-04-10,0.503,0.503,1.2072434607645954
2025-04-11,0.528,0.528,4.97017892644136
2025-04-14,0.528,0.528,0.0
2025-04-15,0.521,0.521,-1.3257575757575801
2025-04-16,0.525,0.525,0.7677543186180413
2025-04-17,0.528,0.528,0.5714285714285783
2025-04-18,0.522,0.522,-1.1363636363636354
2025-04-21,0.528,0.528,1.1494252873563315
2025-04-22,0.527,0.527,-0.18939393939394478
2025-04-23,0.527,0.527,0.0
2025-04-24,0.52,0.52,-1.3282732447817858
2025-04-25,0.518,0.518,-0.38461538461538325
2025-04-28,0.519,0.519,0.19305019305020377
2025-04-29,0.524,0.524,0.9633911368015502
2025-04-30,0.53,0.53,1.1450381679389388
2025-05-06,0.539,0.539,1.6981132075471805
2025-05-07,0.536,0.536,-0.5565862708719838
2025-05-08,0.534,0.534,-0.3731343283582045
2025-05-09,0.522,0.522,-2.2471910112359605
2025-05-12,0.525,0.525,0.5747126436781658
2025-05-13,0.522,0.522,-0.5714285714285672
2025-05-14,0.524,0.524,0.3831417624521105
2025-05-15,0.513,0.513,-2.0992366412213803
2025-05-16,0.512,0.512,-0.19493177387914784
2025-05-19,0.514,0.514,0.390625
2025-05-20,0.516,0.516,0.3891050583657574
2025-05-21,0.511,0.511,-0.9689922480620172
2025-05-22,0.509,0.509,-0.3913894324853229
2025-05-23,0.502,0.502,-1.3752455795677854
2025-05-26,0.507,0.507,0.9960159362549792
2025-05-27,0.499,0.499,-1.5779092702169595
2025-05-28,0.495,0.495,-0.8016032064128265
2025-05-29,0.506,0.506,2.2222222222222143
2025-05-30,0.498,0.498,-1.5810276679841917
2025-06-03,0.502,0.502,0.8032128514056325
2025-06-04,0.504,0.504,0.3984063745019917
2025-06-05,0.514,0.514,1.984126984126977
2025-06-06,0.514,0.514,0.0
2025-06-09,0.515,0.515,0.1945525291828787
2025-06-10,0.504,0.504,-2.135922330097084
2025-06-11,0.503,0.503,-0.1984126984126977
2025-06-12,0.499,0.499,-0.7952286282306154
2025-06-13,0.497,0.497,-0.4008016032064132
2025-06-16,0.498,0.498,0.2012072434607548
2025-06-17,0.496,0.496,-0.40160642570281624
2025-06-18,0.5,0.5,0.8064516129032251
2025-06-19,0.5,0.5,0.0
2025-06-20,0.496,0.496,-0.8000000000000007
2025-06-23,0.502,0.502,1.2096774193548487
2025-06-24,0.51,0.51,1.5936254980079667
2025-06-25,0.521,0.521,2.1568627450980316
2025-06-26,0.514,0.514,-1.3435700575815779
2025-06-27,0.517,0.517,0.5836575875486361
2025-06-30,0.525,0.525,1.547388781431347
2025-07-01,0.522,0.522,-0.5714285714285672
2025-07-02,0.512,0.512,-1.9157088122605415
2025-07-03,0.512,0.512,0.0
2025-07-04,0.511,0.511,-0.1953125
2025-07-07,0.51,0.51,-0.195694716242667
2025-07-08,0.516,0.516,1.17647058823529
2025-07-09,0.51,0.51,-1.1627906976744207
2025-07-10,0.508,0.508,-0.39215686274509665
2025-07-11,0.516,0.516,1.5748031496062964
2025-07-14,0.513,0.513,-0.5813953488372103
2025-07-15,0.511,0.511,-0.3898635477582846
2025-07-16,0.513,0.513,0.391389432485334
2025-07-17,0.516,0.516,0.5847953216374213
2025-07-18,0.517,0.517,0.19379844961240345
2025-07-21,0.518,0.518,0.19342359767891004
2025-07-22,0.519,0.519,0.19305019305020377
2025-07-23,0.522,0.522,0.5780346820809301
2025-07-24,0.53,0.53,1.5325670498084198
2025-07-25,0.541,0.541,2.075471698113218
2025-07-28,0.541,0.541,0.0
2025-07-29,0.549,0.549,1.4787430683918634
2025-07-30,0.544,0.544,-0.910746812386154
2025-07-31,0.537,0.537,-1.2867647058823595
2025-08-01,0.533,0.533,-0.7448789571694592
2025-08-04,0.54,0.54,1.31332082551594
2025-08-05,0.541,0.541,0.18518518518517713
2025-08-06,0.546,0.546,0.9242144177449285
2025-08-07,0.549,0.549,0.5494505494505475
2025-08-08,0.538,0.538,-2.003642987249543
2025-08-11,0.542,0.542,0.743494423791824
2025-08-12,0.557,0.557,2.7675276752767486
2025-08-13,0.562,0.562,0.8976660682226134
2025-08-14,0.566,0.566,0.7117437722419684
2025-08-15,0.577,0.577,1.9434628975264934
2025-08-18,0.59,0.59,2.253032928942811
2025-08-19,0.582,0.582,-1.3559322033898313
2025-08-20,0.604,0.604,3.7800687285223455
2025-08-21,0.601,0.601,-0.4966887417218513
2025-08-22,0.656,0.656,9.151414309484206
2025-08-25,0.665,0.665,1.3719512195121908
2025-08-26,0.658,0.658,-1.0526315789473717
2025-08-27,0.661,0.661,0.45592705167172287
2025-08-28,0.708,0.708,7.110438729198165
2025-08-29,0.69,0.69,-2.5423728813559365
2025-09-01,0.702,0.702,1.7391304347826209
2025-09-02,0.678,0.678,-3.4188034188034067
2025-09-03,0.666,0.666,-1.7699115044247815
2025-09-04,0.617,0.617,-7.357357357357364
2025-09-05,0.639,0.639,3.565640194489461
2025-09-08,0.639,0.639,0.0
2025-09-09,0.624,0.624,-2.3474178403755874
2025-09-10,0.632,0.632,1.2820512820512775
2025-09-11,0.671,0.671,6.170886075949378
2025-09-12,0.683,0.683,1.7883755588673722
2025-09-15,0.687,0.687,0.5856515373352966
2025-09-16,0.694,0.694,1.0189228529839722
2025-09-17,0.704,0.704,1.4409221902017322
2025-09-18,0.713,0.713,1.2784090909090828
2025-09-19,0.705,0.705,-1.1220196353436185
2025-09-22,0.731,0.731,3.687943262411353
2025-09-23,0.734,0.734,0.41039671682625567
2025-09-24,0.772,0.772,5.177111716621252
2025-09-25,0.773,0.773,0.12953367875647714
2025-09-26,0.762,0.762,-1.4230271668822736
2025-09-29,0.77,0.77,1.049868766404205
2025-09-30,0.788,0.788,2.3376623376623495
2025-10-09,0.811,0.811,2.918781725888331
2025-10-10,0.762,0.762,-6.0419235511714025
2025-10-13,0.779,0.779,2.2309711286089273
2025-10-14,0.735,0.735,-5.6482670089858855
2025-10-15,0.746,0.746,1.4965986394557929
2025-10-16,0.742,0.742,-0.536193029490617
2025-10-17,0.712,0.712,-4.043126684636123
2025-10-20,0.717,0.717,0.7022471910112404
2025-10-21,0.737,0.737,2.789400278940035
2025-10-22,0.734,0.734,-0.4070556309362261
2025-10-23,0.728,0.728,-0.8174386920980936
2025-10-24,0.764,0.764,4.94505494505495
2025-10-27,0.783,0.783,2.486910994764391
2025-10-28,0.776,0.776,-0.8939974457215838
2025-10-29,0.778,0.778,0.2577319587628857
2025-10-30,0.76,0.76,-2.3136246786632397
2025-10-31,0.733,0.733,-3.552631578947374
2025-11-03,0.726,0.726,-0.9549795361528002
2025-11-04,0.718,0.718,-1.1019283746556474
2025-11-05,0.712,0.712,-0.835654596100277
2025-11-06,0.74,0.74,3.93258426966292
2025-11-07,0.731,0.731,-1.216216216216215
2025-11-10,0.727,0.727,-0.5471956224350261
2025-11-11,0.715,0.715,-1.6506189821182904
2025-11-12,0.711,0.711,-0.5594405594405605
2025-11-13,0.724,0.724,1.8284106891701901
2025-11-14,0.7,0.7,-3.314917127071826
2025-11-17,0.699,0.699,-0.14285714285714457
2025-11-18,0.706,0.706,1.0014306151645114
2025-11-19,0.699,0.699,-0.9915014164305958
2025-11-20,0.69,0.69,-1.2875536480686733
2025-11-21,0.661,0.661,-4.202898550724621
2025-11-24,0.667,0.667,0.9077155824508409
2025-11-25,0.674,0.674,1.0494752623688264
2025-11-26,0.685,0.685,1.6320474777448135
2025-11-27,0.688,0.688,0.4379562043795415
2025-11-28,0.696,0.696,1.1627906976744207
2025-12-01,0.708,0.708,1.724137931034475
2025-12-02,0.698,0.698,-1.412429378531077
2025-12-03,0.692,0.692,-0.8595988538681931
2025-12-04,0.706,0.706,2.0231213872832443
2025-12-05,0.703,0.703,-0.4249291784702569
2025-12-08,0.721,0.721,2.560455192034139
2025-12-09,0.718,0.718,-0.4160887656033285
2025-12-10,0.719,0.719,0.139275766016711
2025-12-11,0.708,0.708,-1.5299026425591111
2025-12-12,0.72,0.72,1.6949152542372836
2025-12-15,0.704,0.704,-2.2222222222222254
2025-12-16,0.691,0.691,-1.846590909090906
2025-12-17,0.706,0.706,2.170767004341534
2025-12-18,0.701,0.701,-0.7082152974504208
2025-12-19,0.699,0.699,-0.28530670470756636
2025-12-22,0.718,0.718,2.7181688125894166
2025-12-23,0.725,0.725,0.9749303621169991
2025-12-24,0.736,0.736,1.5172413793103523
2025-12-25,0.736,0.736,0.0
2025-12-26,0.733,0.733,-0.40760869565217295
2025-12-29,0.733,0.733,0.0
2025-12-30,0.743,0.743,1.3642564802182733
2025-12-31,0.732,0.732,-1.4804845222072704
2026-01-05,0.765,0.765,4.508196721311486
2026-01-06,0.782,0.782,2.2222222222222143
2026-01-07,0.802,0.802,2.5575447570332477
2026-01-08,0.804,0.804,0.24937655860348684
2026-01-09,0.809,0.809,0.6218905472636926
2026-01-12,0.823,0.823,1.7305315203955285
2026-01-13,0.797,0.797,-3.159173754556488
2026-01-14,0.809,0.809,1.505646173149322
2026-01-15,0.825,0.825,1.9777503090234738
2026-01-16,0.851,0.851,3.1515151515151496
2026-01-19,0.847,0.847,-0.4700352526439522
2026-01-20,0.841,0.841,-0.708382526564344
2026-01-21,0.873,0.873,3.8049940546967864
2026-01-22,0.868,0.868,-0.572737686139746
2026-01-23,0.869,0.869,0.11520737327188613
2026-01-26,0.849,0.849,-2.3014959723820505
2026-01-27,0.872,0.872,2.7090694935217874
2026-01-28,0.882,0.882,1.1467889908256979
2026-01-29,0.847,0.847,-3.9682539682539764
2026-01-30,0.856,0.856,1.0625737898465104
2026-02-02,0.809,0.809,-5.49065420560747
2026-02-03,0.821,0.821,1.4833127317676054
2026-02-04,0.804,0.804,-2.0706455542021773
2026-02-05,0.796,0.796,-0.995024875621886
2026-02-06,0.789,0.789,-0.8793969849246186
2026-02-09,0.814,0.814,3.1685678073510637
2026-02-10,0.818,0.818,0.49140049140048436
2026-02-11,0.809,0.809,-1.1002444987774918
2026-02-12,0.826,0.826,2.1013597033374465
2026-02-13,0.828,0.828,0.2421307506053294
2026-02-24,0.831,0.831,0.36231884057971175
2026-02-25,0.838,0.838,0.8423586040914532
2026-02-26,0.85,0.85,1.4319809069212486
2026-02-27,0.843,0.843,-0.8235294117647118
2026-03-02,0.828,0.828,-1.7793594306049876
2026-03-03,0.78,0.78,-5.797101449275354
2026-03-04,0.78,0.78,0.0
2026-03-05,0.793,0.793,1.6666666666666607
2026-03-06,0.793,0.793,0.0
2026-03-09,0.777,0.777,-2.0176544766708715
2026-03-10,0.798,0.798,2.7027027027026973
2026-03-11,0.789,0.789,-1.1278195488721776
2026-03-12,0.778,0.778,-1.3941698352344711
2026-03-13,0.772,0.772,-0.7712082262210762
2026-03-16,0.789,0.789,2.2020725388601115
2026-03-17,0.767,0.767,-2.7883396704689534
2026-03-18,0.784,0.784,2.2164276401564598
2026-03-19,0.764,0.764,-2.5510204081632626
2026-03-20,0.751,0.751,-1.7015706806282727
2026-03-23,0.713,0.713,-5.05992010652464
2026-03-24,0.726,0.726,1.8232819074333717
2026-03-25,0.745,0.745,2.6170798898071723
2026-03-26,0.727,0.727,-2.4161073825503365
2026-03-27,0.734,0.734,0.9628610729023324
2026-03-30,0.734,0.734,0.0
2026-03-31,0.708,0.708,-3.542234332425076
2026-04-01,0.729,0.729,2.9661016949152463
2026-04-02,0.707,0.707,-3.017832647462282
2026-04-03,0.707,0.707,0.0
2026-04-07,0.719,0.719,1.6973125884016893
2026-04-08,0.766,0.766,6.536856745479835
2026-04-09,0.766,0.766,0.0
2026-04-10,0.781,0.781,1.9582245430809442
2026-04-13,0.783,0.783,0.256081946222797
2026-04-14,0.804,0.804,2.6819923371647514
2026-04-15,0.799,0.799,-0.6218905472636815
2026-04-16,0.81,0.81,1.3767209011264159
2026-04-17,0.814,0.814,0.49382716049382047
2026-04-20,0.827,0.827,1.5970515970515908
2026-04-21,0.818,0.818,-1.0882708585247869
2026-04-22,0.839,0.839,2.5672371638141733
2026-04-23,0.824,0.824,-1.7878426698450522
2026-04-24,0.839,0.839,1.8203883495145678
2026-04-27,0.878,0.878,4.648390941597147
2026-04-28,0.868,0.868,-1.1389521640091105
2026-04-29,0.866,0.866,-0.23041474654378336
2026-04-30,0.909,0.909,4.965357967667439
2026-05-06,0.957,0.957,5.280528052805278
2026-05-07,0.975,0.975,1.8808777429467183
2026-05-08,0.951,0.951,-2.4615384615384595
2026-05-11,1.009,1.009,6.0988433228180705
2026-05-12,1.013,1.013,0.3964321110009994
2026-05-13,1.044,1.044,3.060217176702884
2026-05-14,1.022,1.022,-2.1072796934865967
2026-05-15,1.018,1.018,-0.3913894324853229
2026-05-18,1.029,1.029,1.080550098231825
2026-05-19,1.066,1.066,3.5957240038872795
2026-05-20,1.114,1.114,4.502814258911814
2026-05-21,1.066,1.066,-4.308797127468589
2026-05-22,1.095,1.095,2.72045028142589
2026-05-25,1.174,1.174,7.214611872146115
2026-05-26,1.161,1.161,-1.1073253833049357
2026-05-27,1.133,1.133,-2.4117140396210157
2026-05-28,1.147,1.147,1.2356575463371655
2026-05-29,1.08,1.08,-5.841325196163904
2026-06-01,1.023,1.023,-5.277777777777793
2026-06-02,1.04,1.04,1.6617790811339406
2026-06-03,1.075,1.075,3.3653846153846034
2026-06-04,1.097,1.097,2.0465116279069884
2026-06-05,1.046,1.046,-4.649042844120322
2026-06-08,0.998,0.998,-4.588910133843216
2026-06-09,1.055,1.055,5.711422845691372
2026-06-10,1.05,1.05,-0.4739336492890933
2026-06-11,1.065,1.065,1.4285714285714235
2026-06-12,1.053,1.053,-1.1267605633802802
2026-06-15,1.116,1.116,5.982905982906006
2026-06-16,1.127,1.127,0.9856630824372603
2026-06-17,1.194,1.194,5.944986690328302
2026-06-18,1.241,1.241,3.936348408710222
2026-06-22,1.276,1.276,2.8203062046736393
2026-06-23,1.256,1.256,-1.5673981191222541
2026-06-24,1.326,1.326,5.5732484076433275
2026-06-25,1.387,1.387,4.600301659125194
2026-06-26,1.374,1.374,-0.9372746935832676
2026-06-29,1.455,1.455,5.895196506550215
2026-06-30,1.503,1.503,3.2989690721649367
2026-07-01,1.472,1.472,-2.0625415834996663
2026-07-02,1.35,1.35,-8.288043478260864
2026-07-03,1.331,1.331,-1.4074074074074128
2026-07-06,1.334,1.334,0.22539444027047661
2026-07-07,1.336,1.336,0.14992503748125774
2026-07-08,1.339,1.339,0.22455089820359042
2026-07-09,1.471,1.471,9.858103061986556
2026-07-10,1.369,1.369,-6.934058463630189
2026-07-13,1.292,1.292,-5.624543462381293
2026-07-14,1.308,1.308,1.238390092879249
2026-07-15,1.232,1.232,-5.810397553516822
2026-07-16,1.159,1.159,-5.925324675324672
2026-07-17,1.07,1.07,-7.679033649698008
2026-07-20,1.04,1.04,-2.8037383177570097
2026-07-21,1.144,1.144,9.999999999999986
2026-07-22,1.152,1.152,0.6993006993007089
2026-07-23,1.106,1.106,-3.993055555555536
2026-07-24,1.113,1.113,0.6329113924050445
2026-07-27,1.124,1.124,0.9883198562443907
2026-07-28,1.041,1.041,-7.384341637010694
2026-07-29,1.027,1.027,-1.3448607108549449
2026-07-30,0.958,0.958,-6.718597857838359
2026-07-31,0.992,0.992,3.5490605427974886
2026-08-03,0.921,0.921,-7.1572580645161255
