date,open,close,high,low,vol
2020-03-04,0.996,0.979,1.001,0.957,13526686.000
2020-03-05,0.985,0.977,0.991,0.964,5895069.000
2020-03-06,0.967,0.975,0.990,0.962,5883688.000
2020-03-09,0.963,0.928,0.964,0.925,9225925.000
2020-03-10,0.912,0.947,0.951,0.903,6810815.000
2020-03-11,0.953,0.93,0.956,0.929,5691370.000
2020-03-12,0.913,0.901,0.917,0.892,7042839.000
2020-03-13,0.848,0.879,0.893,0.847,6299091.000
2020-03-16,0.887,0.816,0.887,0.814,6159238.000
2020-03-17,0.827,0.805,0.837,0.782,5985343.000
2020-03-18,0.811,0.79,0.832,0.788,6028459.000
2020-03-19,0.792,0.785,0.800,0.765,5548304.000
2020-03-20,0.800,0.782,0.806,0.768,5069243.000
2020-03-23,0.756,0.719,0.756,0.717,6208450.000
2020-03-24,0.739,0.74,0.749,0.716,6207082.000
2020-03-25,0.768,0.779,0.783,0.762,7289396.000
2020-03-26,0.770,0.766,0.778,0.766,6137158.000
2020-03-27,0.777,0.764,0.782,0.763,3165457.000
2020-03-30,0.750,0.752,0.761,0.733,3734596.000
2020-03-31,0.759,0.759,0.764,0.753,2899234.000
2020-04-01,0.774,0.774,0.794,0.761,5724060.000
2020-04-02,0.769,0.796,0.798,0.768,4220822.000
2020-04-03,0.799,0.787,0.802,0.784,3176042.000
2020-04-07,0.802,0.814,0.815,0.802,4035116.000
2020-04-08,0.808,0.807,0.812,0.800,3290729.000
2020-04-09,0.813,0.8,0.815,0.798,2916608.000
2020-04-10,0.804,0.781,0.805,0.777,3029330.000
2020-04-13,0.770,0.762,0.772,0.758,2494772.000
2020-04-14,0.774,0.805,0.806,0.774,6101547.000
2020-04-15,0.813,0.808,0.826,0.807,5400863.000
2020-04-16,0.802,0.814,0.817,0.798,3609982.000
2020-04-17,0.819,0.818,0.833,0.816,4395949.000
2020-04-20,0.818,0.82,0.824,0.812,2535372.000
2020-04-21,0.811,0.804,0.814,0.793,2980188.000
2020-04-22,0.793,0.807,0.808,0.790,2725753.000
2020-04-23,0.814,0.798,0.814,0.797,2318678.000
2020-04-24,0.801,0.8,0.818,0.796,4324659.000
2020-04-27,0.800,0.801,0.809,0.793,2287561.000
2020-04-28,0.806,0.802,0.808,0.777,3430470.000
2020-04-29,0.795,0.802,0.809,0.795,2581333.000
2020-04-30,0.814,0.844,0.847,0.814,6774729.000
2020-05-06,0.842,0.859,0.862,0.836,4023032.000
2020-05-07,0.862,0.857,0.863,0.851,2664408.000
2020-05-08,0.860,0.867,0.874,0.853,3970764.000
2020-05-11,0.869,0.855,0.871,0.849,3948734.000
2020-05-12,0.855,0.858,0.859,0.845,2447680.000
2020-05-13,0.853,0.863,0.867,0.852,2544412.000
2020-05-14,0.860,0.849,0.860,0.849,2748655.000
2020-05-15,0.858,0.864,0.873,0.850,3865904.000
2020-05-18,0.860,0.85,0.861,0.842,2843620.000
2020-05-19,0.856,0.859,0.861,0.852,2163286.000
2020-05-20,0.871,0.881,0.901,0.871,6094382.000
2020-05-21,0.886,0.858,0.890,0.854,3923855.000
2020-05-22,0.855,0.83,0.855,0.823,3460270.000
2020-05-25,0.830,0.823,0.830,0.816,2067968.000
2020-05-26,0.833,0.857,0.858,0.832,4416906.000
2020-05-27,0.863,0.864,0.879,0.857,4160183.000
2020-05-28,0.860,0.856,0.864,0.842,2455148.000
2020-05-29,0.863,0.868,0.875,0.861,2481478.000
2020-06-01,0.880,0.899,0.905,0.877,5150182.000
2020-06-02,0.913,0.899,0.913,0.894,2874511.000
2020-06-03,0.901,0.897,0.907,0.890,2443344.000
2020-06-04,0.899,0.917,0.923,0.899,4082930.000
2020-06-05,0.916,0.923,0.924,0.907,2491175.000
2020-06-08,0.928,0.923,0.934,0.921,2481431.000
2020-06-09,0.934,0.932,0.939,0.929,2725030.000
2020-06-10,0.948,0.94,0.948,0.932,2765743.000
2020-06-11,0.954,0.94,0.968,0.935,5428259.000
2020-06-12,0.918,0.926,0.930,0.917,5612178.000
2020-06-15,0.920,0.924,0.940,0.911,3176171.000
2020-06-16,0.936,0.949,0.949,0.932,3402085.000
2020-06-17,0.949,0.935,0.949,0.926,2667506.000
2020-06-18,0.936,0.943,0.944,0.926,3690351.000
2020-06-19,0.944,0.975,0.980,0.943,7200523.000
2020-06-22,0.980,0.984,0.995,0.979,3755059.000
2020-06-23,0.986,0.99,0.991,0.976,2811666.000
2020-06-24,0.990,0.988,0.996,0.982,2474413.000
2020-06-29,0.981,0.979,0.990,0.974,2658689.000
2020-06-30,0.985,0.992,0.998,0.985,3661037.000
2020-07-01,1.006,0.995,1.018,0.983,5217112.000
2020-07-02,0.999,0.994,1.003,0.987,3177782.000
2020-07-03,1.001,1.012,1.014,0.998,5751892.000
2020-07-06,1.014,1.052,1.052,1.013,7397437.000
2020-07-07,1.095,1.102,1.130,1.085,10356079.000
2020-07-08,1.116,1.117,1.120,1.088,6763003.000
2020-07-09,1.113,1.139,1.148,1.110,5877527.000
2020-07-10,1.139,1.138,1.149,1.125,5807709.000
2020-07-13,1.153,1.204,1.205,1.152,5130670.000
2020-07-14,1.180,1.162,1.183,1.132,9919851.000
2020-07-15,1.162,1.125,1.167,1.110,6724043.000
2020-07-16,1.127,1.066,1.150,1.065,7419927.000
2020-07-17,1.071,1.077,1.097,1.057,4548876.000
2020-07-20,1.103,1.099,1.109,1.066,4464732.000
2020-07-21,1.119,1.103,1.119,1.090,3563517.000
2020-07-22,1.097,1.106,1.117,1.090,3537955.000
2020-07-23,1.093,1.106,1.108,1.072,4019750.000
2020-07-24,1.093,1.031,1.097,1.023,7143618.000
2020-07-27,1.030,1.02,1.048,1.006,4220171.000
2020-07-28,1.040,1.048,1.059,1.037,3579063.000
2020-07-29,1.045,1.077,1.078,1.039,3101684.000
2020-07-30,1.081,1.069,1.087,1.066,2438740.000
2020-07-31,1.071,1.092,1.100,1.069,3488881.000
2020-08-03,1.100,1.118,1.119,1.096,3448138.000
2020-08-04,1.125,1.122,1.139,1.115,3955789.000
2020-08-05,1.121,1.124,1.127,1.102,3047644.000
2020-08-06,1.127,1.128,1.132,1.110,2930650.000
2020-08-07,1.121,1.109,1.135,1.091,4113707.000
2020-08-10,1.104,1.102,1.112,1.088,2137922.000
2020-08-11,1.104,1.09,1.121,1.089,3766011.000
2020-08-12,1.096,1.1,1.104,1.059,3648876.000
2020-08-13,1.110,1.099,1.119,1.093,2418696.000
2020-08-14,1.093,1.11,1.110,1.087,2173859.000
2020-08-17,1.112,1.115,1.116,1.096,3402027.000
2020-08-18,1.123,1.114,1.126,1.110,3271389.000
2020-08-19,1.112,1.09,1.113,1.088,2684425.000
2020-08-20,1.082,1.064,1.087,1.061,3069927.000
2020-08-21,1.079,1.071,1.083,1.064,1700426.000
2020-08-24,1.079,1.09,1.098,1.065,2311638.000
2020-08-25,1.093,1.087,1.100,1.082,1969714.000
2020-08-26,1.086,1.059,1.091,1.051,2912739.000
2020-08-27,1.066,1.078,1.081,1.060,2237943.000
2020-08-28,1.077,1.085,1.086,1.067,1788834.000
2020-08-31,1.090,1.074,1.091,1.072,2077232.000
2020-09-01,1.074,1.113,1.117,1.074,6050689.000
2020-09-02,1.114,1.114,1.119,1.098,2920027.000
2020-09-03,1.112,1.098,1.114,1.096,2164329.000
2020-09-04,1.077,1.087,1.090,1.071,2501718.000
2020-09-07,1.088,1.062,1.096,1.057,2741734.000
2020-09-08,1.061,1.054,1.065,1.042,2190293.000
2020-09-09,1.036,1.012,1.036,1.006,3177326.000
2020-09-10,1.024,1.004,1.030,0.998,2233613.000
2020-09-11,1.002,1.023,1.025,0.998,2110322.000
2020-09-14,1.029,1.047,1.058,1.027,2944128.000
2020-09-15,1.059,1.079,1.083,1.059,3328189.000
2020-09-16,1.080,1.083,1.089,1.071,2583257.000
2020-09-17,1.080,1.11,1.120,1.079,3748939.000
2020-09-18,1.108,1.118,1.119,1.105,2916611.000
2020-09-21,1.124,1.107,1.138,1.105,3343299.000
2020-09-22,1.098,1.091,1.107,1.086,2325163.000
2020-09-23,1.095,1.095,1.098,1.076,1783171.000
2020-09-24,1.083,1.061,1.086,1.060,2661057.000
2020-09-25,1.069,1.068,1.077,1.062,1493700.000
2020-09-28,1.074,1.066,1.080,1.063,1555122.000
2020-09-29,1.073,1.089,1.096,1.073,2983244.000
2020-09-30,1.090,1.099,1.110,1.082,2069824.000
2020-10-09,1.136,1.167,1.172,1.136,6726577.000
2020-10-12,1.185,1.208,1.209,1.185,5477305.000
2020-10-13,1.205,1.218,1.220,1.186,3855901.000
2020-10-14,1.215,1.21,1.226,1.205,2891453.000
2020-10-15,1.228,1.212,1.237,1.210,3050563.000
2020-10-16,1.210,1.182,1.214,1.169,4851914.000
2020-10-19,1.183,1.171,1.192,1.169,1987030.000
2020-10-20,1.170,1.213,1.214,1.165,3495858.000
2020-10-21,1.208,1.186,1.208,1.176,3045105.000
2020-10-22,1.177,1.198,1.206,1.165,3193382.000
2020-10-23,1.196,1.179,1.224,1.175,3243028.000
2020-10-26,1.163,1.207,1.208,1.156,4394788.000
2020-10-27,1.199,1.219,1.224,1.199,3372135.000
2020-10-28,1.213,1.25,1.259,1.213,4604402.000
2020-10-29,1.226,1.247,1.265,1.223,4448195.000
2020-10-30,1.256,1.243,1.278,1.236,4238383.000
2020-11-02,1.249,1.29,1.294,1.247,5003057.000
2020-11-03,1.303,1.286,1.306,1.265,4410452.000
2020-11-04,1.288,1.314,1.324,1.288,5007483.000
2020-11-05,1.339,1.393,1.394,1.336,5758317.000
2020-11-06,1.401,1.381,1.425,1.358,6164793.000
2020-11-09,1.388,1.405,1.416,1.366,6396526.000
2020-11-10,1.389,1.38,1.403,1.348,4940486.000
2020-11-11,1.367,1.332,1.400,1.330,3977956.000
2020-11-12,1.337,1.349,1.365,1.337,3385302.000
2020-11-13,1.370,1.379,1.395,1.353,3689937.000
2020-11-16,1.361,1.374,1.377,1.335,3079379.000
2020-11-17,1.380,1.35,1.395,1.336,3550392.000
2020-11-18,1.347,1.317,1.355,1.308,2828250.000
2020-11-19,1.318,1.313,1.325,1.294,2652935.000
2020-11-20,1.315,1.356,1.360,1.315,4529437.000
2020-11-23,1.360,1.388,1.395,1.353,3771431.000
2020-11-24,1.412,1.405,1.430,1.390,4165439.000
2020-11-25,1.406,1.376,1.413,1.373,2933196.000
2020-11-26,1.370,1.353,1.376,1.330,3359273.000
2020-11-27,1.350,1.347,1.368,1.325,2227512.000
2020-11-30,1.341,1.342,1.358,1.318,2851566.000
2020-12-01,1.331,1.361,1.363,1.330,2254286.000
2020-12-02,1.360,1.349,1.360,1.335,1761115.000
2020-12-03,1.344,1.352,1.365,1.327,2270100.000
2020-12-04,1.346,1.374,1.377,1.342,4549935.000
2020-12-07,1.374,1.388,1.397,1.369,2924629.000
2020-12-08,1.400,1.429,1.436,1.397,3727648.000
2020-12-09,1.433,1.409,1.451,1.403,3451520.000
2020-12-10,1.391,1.402,1.415,1.371,2925568.000
2020-12-11,1.405,1.396,1.412,1.375,2028668.000
2020-12-14,1.389,1.439,1.441,1.378,2917673.000
2020-12-15,1.433,1.449,1.451,1.422,2899762.000
2020-12-16,1.450,1.448,1.457,1.440,2242390.000
2020-12-17,1.442,1.476,1.476,1.440,2554907.000
2020-12-18,1.475,1.518,1.525,1.471,3503829.000
2020-12-21,1.527,1.605,1.608,1.527,4197021.000
2020-12-22,1.592,1.554,1.617,1.550,4908839.000
2020-12-23,1.558,1.592,1.619,1.556,4974048.000
2020-12-24,1.582,1.572,1.599,1.562,3305947.000
2020-12-25,1.570,1.632,1.633,1.563,4250134.000
2020-12-28,1.635,1.635,1.649,1.601,3643703.000
2020-12-29,1.622,1.552,1.631,1.550,4853312.000
2020-12-30,1.569,1.63,1.647,1.569,5425860.000
2020-12-31,1.637,1.664,1.670,1.635,3379115.000
2021-01-04,1.710,1.788,1.799,1.670,4253459.000
2021-01-05,1.779,1.793,1.800,1.744,5619914.000
2021-01-06,1.809,1.766,1.819,1.733,6539881.000
2021-01-07,1.759,1.816,1.830,1.745,5470067.000
2021-01-08,1.843,1.802,1.849,1.746,5480019.000
2021-01-11,1.801,1.743,1.805,1.723,6779947.000
2021-01-12,1.715,1.776,1.785,1.695,5771304.000
2021-01-13,1.777,1.719,1.826,1.702,5882877.000
2021-01-14,1.699,1.673,1.712,1.650,4863704.000
2021-01-15,1.672,1.714,1.723,1.640,5534934.000
2021-01-18,1.693,1.724,1.738,1.670,4389338.000
2021-01-19,1.724,1.675,1.742,1.670,3681980.000
2021-01-20,1.691,1.755,1.765,1.691,5765345.000
2021-01-21,1.750,1.79,1.810,1.732,4145356.000
2021-01-22,1.786,1.839,1.844,1.778,4232005.000
2021-01-25,1.850,1.834,1.906,1.820,4910543.000
2021-01-26,1.826,1.78,1.842,1.762,3702258.000
2021-01-27,1.775,1.792,1.808,1.727,3349314.000
2021-01-28,1.756,1.723,1.772,1.719,3197208.000
2021-01-29,1.736,1.688,1.754,1.654,3811642.000
2021-02-01,1.691,1.692,1.723,1.668,2777685.000
2021-02-02,1.703,1.764,1.765,1.689,3343987.000
2021-02-03,1.780,1.762,1.810,1.757,3031983.000
2021-02-04,1.750,1.721,1.770,1.691,3029273.000
2021-02-05,1.731,1.673,1.754,1.667,3734180.000
2021-02-08,1.674,1.695,1.706,1.633,2837525.000
2021-02-09,1.705,1.755,1.761,1.702,2596261.000
2021-02-10,1.767,1.774,1.780,1.728,2881533.000
2021-02-18,1.819,1.733,1.822,1.715,3554132.000
2021-02-19,1.715,1.712,1.728,1.666,2745679.000
2021-02-22,1.713,1.68,1.735,1.675,2913444.000
2021-02-23,1.653,1.646,1.680,1.631,2932925.000
2021-02-24,1.640,1.582,1.662,1.569,3572808.000
2021-02-25,1.600,1.552,1.610,1.546,2474465.000
2021-02-26,1.500,1.52,1.539,1.489,2730937.000
2021-03-01,1.541,1.584,1.584,1.538,2480777.000
2021-03-02,1.610,1.587,1.612,1.567,2600547.000
2021-03-03,1.573,1.604,1.605,1.562,2045770.000
2021-03-04,1.576,1.518,1.580,1.511,2908002.000
2021-03-05,1.480,1.533,1.546,1.470,2370141.000
2021-03-08,1.535,1.453,1.549,1.450,2818042.000
2021-03-09,1.444,1.425,1.481,1.384,3566833.000
2021-03-10,1.474,1.448,1.490,1.443,3634716.000
2021-03-11,1.450,1.499,1.502,1.446,2402614.000
2021-03-12,1.508,1.512,1.519,1.478,1902063.000
2021-03-15,1.493,1.465,1.504,1.450,1776249.000
2021-03-16,1.468,1.468,1.495,1.451,1745398.000
2021-03-17,1.456,1.507,1.510,1.445,2169411.000
2021-03-18,1.516,1.509,1.530,1.501,1862728.000
2021-03-19,1.477,1.461,1.494,1.451,1682685.000
2021-03-22,1.459,1.477,1.492,1.457,1624022.000
2021-03-23,1.471,1.434,1.473,1.415,2204548.000
2021-03-24,1.419,1.391,1.432,1.384,1896960.000
2021-03-25,1.372,1.409,1.420,1.367,1977982.000
2021-03-26,1.414,1.476,1.482,1.414,3189676.000
2021-03-29,1.474,1.458,1.474,1.449,1730727.000
2021-03-30,1.445,1.472,1.478,1.442,1387076.000
2021-03-31,1.476,1.455,1.486,1.440,1374877.000
2021-04-01,1.465,1.481,1.489,1.465,2021176.000
2021-04-02,1.487,1.501,1.513,1.475,2593786.000
2021-04-06,1.521,1.509,1.528,1.501,2030196.000
2021-04-07,1.516,1.501,1.520,1.482,1617339.000
2021-04-08,1.496,1.494,1.504,1.480,1223543.000
2021-04-09,1.499,1.467,1.500,1.458,1513976.000
2021-04-12,1.460,1.423,1.477,1.414,1864738.000
2021-04-13,1.417,1.43,1.450,1.412,1133435.000
2021-04-14,1.445,1.496,1.496,1.441,2183446.000
2021-04-15,1.484,1.495,1.498,1.465,1443396.000
2021-04-16,1.499,1.497,1.505,1.473,1535278.000
2021-04-19,1.502,1.599,1.600,1.497,3747558.000
2021-04-20,1.586,1.581,1.602,1.572,2561248.000
2021-04-21,1.565,1.578,1.584,1.550,2590266.000
2021-04-22,1.590,1.579,1.598,1.567,2086194.000
2021-04-23,1.570,1.603,1.609,1.570,2192057.000
2021-04-26,1.603,1.586,1.632,1.581,2352899.000
2021-04-27,1.577,1.571,1.592,1.546,2270234.000
2021-04-28,1.564,1.611,1.615,1.560,2560371.000
2021-04-29,1.610,1.607,1.616,1.585,1753346.000
2021-04-30,1.597,1.637,1.648,1.594,3864279.000
2021-05-06,1.636,1.625,1.644,1.595,2138046.000
2021-05-07,1.622,1.576,1.634,1.574,2048423.000
2021-05-10,1.576,1.588,1.596,1.563,1470545.000
2021-05-11,1.566,1.56,1.573,1.527,1826568.000
2021-05-12,1.554,1.568,1.575,1.547,1648998.000
2021-05-13,1.538,1.532,1.550,1.527,1593585.000
2021-05-14,1.532,1.581,1.587,1.526,2248329.000
2021-05-17,1.581,1.65,1.656,1.577,2934113.000
2021-05-18,1.651,1.656,1.670,1.644,1737445.000
2021-05-19,1.656,1.711,1.723,1.643,2850341.000
2021-05-20,1.696,1.72,1.734,1.696,1962060.000
2021-05-21,1.722,1.711,1.745,1.700,1502335.000
2021-05-24,1.703,1.714,1.723,1.699,1645942.000
2021-05-25,1.714,1.735,1.736,1.705,1790605.000
2021-05-26,1.735,1.723,1.742,1.715,1443241.000
2021-05-27,1.727,1.73,1.732,1.711,1543083.000
2021-05-28,1.741,1.807,1.833,1.741,3900874.000
2021-05-31,1.816,1.892,1.894,1.816,2781910.000
2021-06-01,1.879,1.875,1.886,1.831,2248463.000
2021-06-02,1.877,1.861,1.898,1.841,1839320.000
2021-06-03,1.860,1.853,1.888,1.826,1758580.000
2021-06-04,1.832,1.907,1.930,1.832,2811921.000
2021-06-07,1.897,1.871,1.900,1.850,2171024.000
2021-06-08,1.864,1.853,1.922,1.830,2406063.000
2021-06-09,1.853,1.851,1.869,1.838,2357412.000
2021-06-10,1.847,1.912,1.922,1.846,2589920.000
2021-06-11,1.922,1.934,1.948,1.891,2128111.000
2021-06-15,1.940,1.917,1.959,1.890,1696846.000
2021-06-16,1.905,1.792,1.905,1.784,3925394.000
2021-06-17,1.790,1.849,1.850,1.785,1978281.000
2021-06-18,1.858,1.932,1.949,1.858,2803583.000
2021-06-21,1.935,1.942,1.969,1.901,1742890.000
2021-06-22,1.943,1.945,1.955,1.909,1491908.000
2021-06-23,1.955,2.0,2.016,1.952,2117683.000
2021-06-24,2.002,1.976,2.012,1.961,1545848.000
2021-06-25,1.985,2.004,2.011,1.959,1730909.000
2021-06-28,2.002,2.059,2.074,2.000,1943461.000
2021-06-29,2.081,2.062,2.103,2.041,1869692.000
2021-06-30,2.070,2.118,2.127,2.044,1941112.000
2021-07-01,2.126,2.091,2.130,2.070,1810554.000
2021-07-02,2.067,2.084,2.117,2.043,2328243.000
2021-07-05,2.081,2.138,2.147,2.081,1885207.000
2021-07-06,2.148,2.14,2.210,2.082,2837991.000
2021-07-07,2.110,2.269,2.269,2.088,3305863.000
2021-07-08,2.273,2.299,2.333,2.272,2352938.000
2021-07-09,2.274,2.339,2.359,2.238,2712702.000
2021-07-12,2.375,2.462,2.491,2.375,3235077.000
2021-07-13,2.450,2.456,2.480,2.407,2726734.000
2021-07-14,2.420,2.349,2.424,2.344,3129961.000
2021-07-15,2.320,2.397,2.403,2.302,3119515.000
2021-07-16,2.370,2.284,2.390,2.275,3257105.000
2021-07-19,2.254,2.25,2.316,2.224,2724687.000
2021-07-20,2.227,2.3,2.303,2.225,2506150.000
2021-07-21,2.320,2.424,2.433,2.320,3222085.000
2021-07-22,2.440,2.441,2.444,2.379,3413791.000
2021-07-23,2.434,2.418,2.490,2.390,2871569.000
2021-07-26,2.395,2.372,2.430,2.297,3840797.000
2021-07-27,2.363,2.232,2.429,2.230,3510844.000
2021-07-28,2.180,2.253,2.299,2.163,4080319.000
2021-07-29,2.326,2.378,2.390,2.283,2914052.000
2021-07-30,2.378,2.365,2.429,2.332,3038189.000
2021-08-02,2.420,2.442,2.494,2.354,3965042.000
2021-08-03,2.450,2.359,2.460,2.334,3176742.000
2021-08-04,2.350,2.568,2.571,2.350,5354678.000
2021-08-05,2.550,2.53,2.555,2.490,3213514.000
2021-08-06,2.588,2.568,2.642,2.537,4240433.000
2021-08-09,2.525,2.491,2.525,2.426,3834085.000
2021-08-10,2.467,2.442,2.515,2.378,4046460.000
2021-08-11,2.443,2.483,2.498,2.403,3327465.000
2021-08-12,2.465,2.486,2.508,2.433,2612873.000
2021-08-13,2.461,2.466,2.572,2.446,2978281.000
2021-08-16,2.430,2.34,2.436,2.328,3668522.000
2021-08-17,2.324,2.3,2.367,2.286,2660443.000
2021-08-18,2.306,2.316,2.368,2.295,2807384.000
2021-08-19,2.311,2.396,2.425,2.296,3119977.000
2021-08-20,2.372,2.377,2.419,2.342,2301915.000
2021-08-23,2.385,2.443,2.451,2.357,2441427.000
2021-08-24,2.452,2.502,2.538,2.440,2465756.000
2021-08-25,2.510,2.498,2.516,2.443,2237819.000
2021-08-26,2.501,2.452,2.534,2.450,2132052.000
2021-08-27,2.439,2.492,2.507,2.429,2309595.000
2021-08-30,2.475,2.518,2.573,2.475,2907605.000
2021-08-31,2.515,2.483,2.515,2.442,2283072.000
2021-09-01,2.490,2.39,2.498,2.342,2416629.000
2021-09-02,2.386,2.404,2.424,2.375,1607237.000
2021-09-03,2.399,2.315,2.410,2.282,2331686.000
2021-09-06,2.318,2.417,2.418,2.301,2248786.000
2021-09-07,2.417,2.493,2.507,2.402,2374000.000
2021-09-08,2.489,2.454,2.504,2.445,1687705.000
2021-09-09,2.484,2.481,2.515,2.430,1704410.000
2021-09-10,2.478,2.486,2.495,2.441,1935127.000
2021-09-13,2.502,2.469,2.524,2.447,1384710.000
2021-09-14,2.463,2.547,2.597,2.427,3059253.000
2021-09-15,2.540,2.553,2.576,2.516,1776069.000
2021-09-16,2.540,2.453,2.547,2.450,2383954.000
2021-09-17,2.446,2.481,2.499,2.410,1786933.000
2021-09-22,2.450,2.451,2.469,2.428,1129693.000
2021-09-23,2.475,2.441,2.483,2.433,1380890.000
2021-09-24,2.443,2.449,2.511,2.399,1833738.000
2021-09-27,2.459,2.407,2.487,2.357,2459221.000
2021-09-28,2.398,2.344,2.419,2.337,2029744.000
2021-09-29,2.318,2.283,2.351,2.273,1813748.000
2021-09-30,2.298,2.399,2.405,2.296,2159566.000
2021-10-08,2.440,2.349,2.450,2.330,2004644.000
2021-10-11,2.358,2.35,2.389,2.295,1430524.000
2021-10-12,2.333,2.287,2.354,2.258,1609681.000
2021-10-13,2.288,2.371,2.373,2.288,1719891.000
2021-10-14,2.366,2.377,2.396,2.355,1278678.000
2021-10-15,2.388,2.454,2.463,2.345,1915491.000
2021-10-18,2.462,2.515,2.516,2.442,1719342.000
2021-10-19,2.518,2.521,2.557,2.506,1341831.000
2021-10-20,2.500,2.566,2.599,2.491,1757843.000
2021-10-21,2.565,2.54,2.573,2.516,1812130.000
2021-10-22,2.557,2.541,2.579,2.517,1381007.000
2021-10-25,2.540,2.631,2.633,2.538,1939594.000
2021-10-26,2.687,2.624,2.715,2.616,2110672.000
2021-10-27,2.624,2.68,2.698,2.613,1459496.000
2021-10-28,2.675,2.622,2.716,2.600,1752606.000
2021-10-29,2.618,2.653,2.659,2.564,2104999.000
2021-11-01,2.640,2.61,2.668,2.584,2273072.000
2021-11-02,2.620,2.622,2.673,2.591,1502428.000
2021-11-03,2.600,2.571,2.610,2.534,1916151.000
2021-11-04,2.594,2.611,2.647,2.590,1735409.000
2021-11-05,2.611,2.572,2.645,2.566,1489992.000
2021-11-08,2.565,2.676,2.680,2.565,2056672.000
2021-11-09,2.679,2.687,2.700,2.658,1076586.000
2021-11-10,2.660,2.623,2.664,2.574,2315045.000
2021-11-11,2.623,2.626,2.654,2.610,1086262.000
2021-11-12,2.626,2.634,2.643,2.610,1050782.000
2021-11-15,2.629,2.539,2.629,2.525,2393747.000
2021-11-16,2.532,2.503,2.545,2.496,1426273.000
2021-11-17,2.523,2.534,2.557,2.521,1395154.000
2021-11-18,2.530,2.532,2.558,2.495,1154108.000
2021-11-19,2.531,2.538,2.555,2.516,1162902.000
2021-11-22,2.558,2.66,2.662,2.558,3060871.000
2021-11-23,2.660,2.651,2.661,2.623,1246084.000
2021-11-24,2.640,2.612,2.676,2.604,1439078.000
2021-11-25,2.613,2.604,2.617,2.580,878666.000
2021-11-26,2.596,2.642,2.659,2.593,1374294.000
2021-11-29,2.600,2.688,2.703,2.591,1736749.000
2021-11-30,2.690,2.673,2.700,2.651,1137037.000
2021-12-01,2.670,2.656,2.694,2.622,1213375.000
2021-12-02,2.644,2.662,2.680,2.640,968058.000
2021-12-03,2.658,2.66,2.675,2.633,1112847.000
2021-12-06,2.640,2.596,2.660,2.586,1666400.000
2021-12-07,2.601,2.52,2.611,2.490,2824073.000
2021-12-08,2.525,2.574,2.575,2.523,1695660.000
2021-12-09,2.572,2.576,2.581,2.550,1111821.000
2021-12-10,2.554,2.602,2.610,2.544,1354845.000
2021-12-13,2.597,2.592,2.600,2.567,876507.000
2021-12-14,2.575,2.558,2.584,2.546,1124996.000
2021-12-15,2.550,2.525,2.572,2.523,1622615.000
2021-12-16,2.536,2.518,2.540,2.501,1324929.000
2021-12-17,2.514,2.46,2.514,2.459,1953749.000
2021-12-20,2.458,2.371,2.463,2.358,2785837.000
2021-12-21,2.371,2.377,2.397,2.342,1741608.000
2021-12-22,2.396,2.394,2.411,2.383,1455671.000
2021-12-23,2.416,2.381,2.420,2.370,1099701.000
2021-12-24,2.393,2.28,2.394,2.261,3097985.000
2021-12-27,2.280,2.291,2.317,2.274,1487509.000
2021-12-28,2.295,2.36,2.364,2.293,1819508.000
2021-12-29,2.358,2.341,2.370,2.333,1536637.000
2021-12-30,2.340,2.343,2.360,2.331,934758.000
2021-12-31,2.353,2.361,2.377,2.341,1546071.000
2022-01-04,2.410,2.303,2.412,2.298,2133735.000
2022-01-05,2.291,2.207,2.293,2.204,2234192.000
2022-01-06,2.190,2.211,2.220,2.157,1569328.000
2022-01-07,2.209,2.156,2.222,2.141,2607591.000
2022-01-10,2.150,2.163,2.185,2.130,1386743.000
2022-01-11,2.164,2.137,2.192,2.130,1653842.000
2022-01-12,2.191,2.242,2.249,2.187,2804640.000
2022-01-13,2.245,2.208,2.250,2.187,1636821.000
2022-01-14,2.190,2.236,2.251,2.185,1321534.000
2022-01-17,2.224,2.284,2.288,2.224,2053328.000
2022-01-18,2.272,2.268,2.290,2.253,1260027.000
2022-01-19,2.263,2.187,2.272,2.157,2529187.000
2022-01-20,2.173,2.172,2.200,2.164,1083451.000
2022-01-21,2.170,2.173,2.196,2.137,1261843.000
2022-01-24,2.152,2.215,2.226,2.149,1902662.000
2022-01-25,2.198,2.17,2.237,2.170,1646249.000
2022-01-26,2.184,2.186,2.199,2.151,1100950.000
2022-01-27,2.182,2.125,2.195,2.117,1451945.000
2022-01-28,2.128,2.102,2.152,2.068,1228786.000
2022-02-07,2.160,2.123,2.194,2.115,1554822.000
2022-02-08,2.115,2.045,2.117,1.993,2675894.000
2022-02-09,2.036,2.067,2.071,2.001,1486306.000
2022-02-10,2.069,2.013,2.078,1.988,1958433.000
2022-02-11,2.001,1.986,2.045,1.970,1840610.000
2022-02-14,1.979,2.004,2.030,1.958,1737251.000
2022-02-15,2.012,2.09,2.091,2.011,2359812.000
2022-02-16,2.102,2.09,2.124,2.082,1725908.000
2022-02-17,2.085,2.154,2.177,2.080,1991077.000
2022-02-18,2.135,2.133,2.144,2.117,1222426.000
2022-02-21,2.134,2.117,2.146,2.101,997403.000
2022-02-22,2.110,2.115,2.117,2.080,1239099.000
2022-02-23,2.111,2.193,2.199,2.110,3093024.000
2022-02-24,2.164,2.162,2.206,2.121,2734284.000
2022-02-25,2.192,2.204,2.231,2.183,1930111.000
2022-02-28,2.197,2.223,2.233,2.191,1245986.000
2022-03-01,2.255,2.203,2.255,2.188,1352166.000
2022-03-02,2.187,2.162,2.188,2.141,1930636.000
2022-03-03,2.162,2.114,2.173,2.105,1896488.000
2022-03-04,2.090,2.049,2.111,2.033,2668317.000
2022-03-07,2.037,1.96,2.037,1.951,2166821.000
2022-03-08,1.959,1.889,1.980,1.864,3684294.000
2022-03-09,1.894,1.882,1.900,1.793,2446089.000
2022-03-10,1.962,1.97,1.988,1.940,3022927.000
2022-03-11,1.927,1.961,1.965,1.893,2530851.000
2022-03-14,1.921,1.892,1.931,1.890,1630181.000
2022-03-15,1.857,1.877,1.949,1.857,2228768.000
2022-03-16,1.922,1.99,1.998,1.870,3920004.000
2022-03-17,2.028,2.03,2.075,2.020,3771683.000
2022-03-18,2.011,2.016,2.020,1.980,1844399.000
2022-03-21,2.033,2.047,2.077,2.000,1841566.000
2022-03-22,2.028,2.035,2.066,2.022,1269805.000
2022-03-23,2.053,2.024,2.058,2.012,1274634.000
2022-03-24,2.001,2.008,2.029,1.971,1853926.000
2022-03-25,2.003,1.958,2.017,1.950,2541496.000
2022-03-28,1.942,1.902,1.943,1.889,1932616.000
2022-03-29,1.916,1.914,1.943,1.900,1464377.000
2022-03-30,1.927,2.005,2.006,1.925,2300462.000
2022-03-31,1.990,1.95,1.993,1.935,2107449.000
2022-04-01,1.929,1.966,1.989,1.924,2342863.000
2022-04-06,1.968,1.928,1.970,1.910,1458671.000
2022-04-07,1.905,1.899,1.929,1.883,1609635.000
2022-04-08,1.895,1.883,1.918,1.863,1449197.000
2022-04-11,1.849,1.757,1.852,1.755,4251335.000
2022-04-12,1.749,1.782,1.784,1.742,1650977.000
2022-04-13,1.766,1.763,1.803,1.749,1819510.000
2022-04-14,1.791,1.759,1.796,1.748,1658609.000
2022-04-15,1.747,1.726,1.748,1.686,3352671.000
2022-04-18,1.711,1.753,1.754,1.677,1809301.000
2022-04-19,1.753,1.747,1.789,1.739,1680604.000
2022-04-20,1.747,1.688,1.757,1.683,1806294.000
2022-04-21,1.672,1.632,1.700,1.620,2401024.000
2022-04-22,1.623,1.606,1.637,1.599,1464865.000
2022-04-25,1.561,1.499,1.575,1.497,2382709.000
2022-04-26,1.500,1.47,1.514,1.463,2211685.000
2022-04-27,1.450,1.61,1.614,1.442,3796410.000
2022-04-28,1.596,1.607,1.643,1.581,3200763.000
2022-04-29,1.619,1.687,1.695,1.595,3897528.000
2022-05-05,1.660,1.674,1.702,1.636,2200247.000
2022-05-06,1.628,1.649,1.674,1.622,3191426.000
2022-05-09,1.630,1.629,1.652,1.616,1648873.000
2022-05-10,1.600,1.679,1.687,1.593,1805127.000
2022-05-11,1.677,1.774,1.819,1.677,3714152.000
2022-05-12,1.750,1.763,1.781,1.739,1634087.000
2022-05-13,1.770,1.787,1.799,1.755,1662432.000
2022-05-16,1.795,1.78,1.833,1.775,1644649.000
2022-05-17,1.772,1.854,1.865,1.770,2230865.000
2022-05-18,1.860,1.861,1.881,1.840,1615136.000
2022-05-19,1.830,1.889,1.890,1.820,2140662.000
2022-05-20,1.901,1.905,1.926,1.870,1800125.000
2022-05-23,1.905,1.918,1.927,1.883,1901496.000
2022-05-24,1.910,1.839,1.910,1.835,3352976.000
2022-05-25,1.834,1.841,1.854,1.804,2365307.000
2022-05-26,1.842,1.84,1.866,1.802,1707011.000
2022-05-27,1.855,1.845,1.899,1.832,1625997.000
2022-05-30,1.860,1.884,1.885,1.847,1908265.000
2022-05-31,1.887,1.897,1.905,1.852,1799553.000
2022-06-01,1.896,1.934,1.945,1.875,1860961.000
2022-06-02,1.923,1.978,1.991,1.908,3696854.000
2022-06-06,1.981,2.091,2.106,1.981,4184831.000
2022-06-07,2.091,2.074,2.104,2.050,3052250.000
2022-06-08,2.084,2.106,2.120,2.042,3352643.000
2022-06-09,2.094,2.056,2.105,2.043,2529289.000
2022-06-10,2.054,2.144,2.146,2.043,3518379.000
2022-06-13,2.129,2.194,2.214,2.120,3563469.000
2022-06-14,2.158,2.182,2.194,2.106,3485128.000
2022-06-15,2.188,2.167,2.223,2.147,2971819.000
2022-06-16,2.161,2.176,2.202,2.150,1693808.000
2022-06-17,2.153,2.271,2.278,2.145,3607033.000
2022-06-20,2.293,2.303,2.343,2.280,2906326.000
2022-06-21,2.302,2.273,2.305,2.237,2169753.000
2022-06-22,2.284,2.274,2.320,2.268,1802591.000
2022-06-23,2.281,2.361,2.362,2.260,3022101.000
2022-06-24,2.372,2.391,2.398,2.336,2777647.000
2022-06-27,2.401,2.411,2.446,2.388,2130890.000
2022-06-28,2.407,2.441,2.445,2.382,2277532.000
2022-06-29,2.423,2.322,2.425,2.320,2924756.000
2022-06-30,2.320,2.357,2.378,2.318,2148172.000
2022-07-01,2.341,2.369,2.396,2.327,2277063.000
2022-07-04,2.353,2.425,2.429,2.340,2032451.000
2022-07-05,2.446,2.434,2.476,2.387,1854575.000
2022-07-06,2.423,2.418,2.453,2.384,2798849.000
2022-07-07,2.418,2.481,2.486,2.402,3091155.000
2022-07-08,2.481,2.42,2.501,2.412,2325376.000
2022-07-11,2.400,2.315,2.400,2.285,2917501.000
2022-07-12,2.307,2.254,2.331,2.234,3535946.000
2022-07-13,2.254,2.298,2.319,2.205,2947609.000
2022-07-14,2.277,2.368,2.383,2.267,3132055.000
2022-07-15,2.368,2.345,2.418,2.342,2603164.000
2022-07-18,2.346,2.354,2.378,2.289,2404112.000
2022-07-19,2.350,2.322,2.371,2.311,1756721.000
2022-07-20,2.331,2.324,2.358,2.313,1317591.000
2022-07-21,2.312,2.278,2.332,2.271,1638202.000
2022-07-22,2.297,2.278,2.313,2.250,1496317.000
2022-07-25,2.260,2.251,2.289,2.241,1369464.000
2022-07-26,2.248,2.276,2.305,2.243,1672261.000
2022-07-27,2.270,2.293,2.300,2.244,1512504.000
2022-07-28,2.307,2.256,2.318,2.252,2025554.000
2022-07-29,2.266,2.235,2.275,2.226,1800952.000
2022-08-01,2.228,2.318,2.319,2.213,1958150.000
2022-08-02,2.280,2.267,2.306,2.243,2509452.000
2022-08-03,2.269,2.193,2.307,2.181,2234457.000
2022-08-04,2.204,2.208,2.232,2.170,1663037.000
2022-08-05,2.210,2.222,2.234,2.177,1694668.000
2022-08-08,2.208,2.23,2.231,2.193,1267500.000
2022-08-09,2.228,2.253,2.271,2.219,1472129.000
2022-08-10,2.245,2.209,2.266,2.200,1514124.000
2022-08-11,2.215,2.245,2.247,2.173,1815490.000
2022-08-12,2.236,2.208,2.253,2.204,1293469.000
2022-08-15,2.200,2.26,2.288,2.195,1747562.000
2022-08-16,2.263,2.269,2.289,2.254,1738169.000
2022-08-17,2.270,2.275,2.278,2.220,1871521.000
2022-08-18,2.272,2.264,2.297,2.257,1642966.000
2022-08-19,2.255,2.19,2.263,2.187,2063446.000
2022-08-22,2.191,2.274,2.275,2.165,2339253.000
2022-08-23,2.264,2.281,2.296,2.256,1435843.000
2022-08-24,2.297,2.187,2.305,2.176,2584313.000
2022-08-25,2.187,2.139,2.194,2.110,2305655.000
2022-08-26,2.139,2.136,2.174,2.122,1473604.000
2022-08-29,2.117,2.11,2.125,2.089,1267348.000
2022-08-30,2.117,2.099,2.123,2.085,1255786.000
2022-08-31,2.073,2.02,2.090,2.005,2027370.000
2022-09-01,2.021,1.991,2.040,1.986,1675889.000
2022-09-02,1.995,1.976,2.007,1.963,1623522.000
2022-09-05,1.960,1.971,1.980,1.950,1902029.000
2022-09-06,1.976,2.003,2.005,1.939,2322352.000
2022-09-07,1.991,2.037,2.054,1.980,1855771.000
2022-09-08,2.037,1.992,2.037,1.986,1444071.000
2022-09-09,1.992,2.014,2.017,1.981,1228686.000
2022-09-13,2.027,2.029,2.035,2.002,1066165.000
2022-09-14,1.999,1.984,2.007,1.967,1405451.000
2022-09-15,1.984,1.906,1.993,1.890,2645287.000
2022-09-16,1.895,1.864,1.900,1.852,1645493.000
2022-09-19,1.858,1.879,1.907,1.850,1802104.000
2022-09-20,1.891,1.925,1.952,1.891,2718903.000
2022-09-21,1.910,1.917,1.928,1.896,1439216.000
2022-09-22,1.902,1.91,1.930,1.882,1959351.000
2022-09-23,1.910,1.885,1.920,1.856,1462548.000
2022-09-26,1.865,1.908,1.937,1.864,1226111.000
2022-09-27,1.911,1.908,1.917,1.873,1289105.000
2022-09-28,1.897,1.823,1.901,1.820,2165755.000
2022-09-29,1.840,1.842,1.866,1.825,1390708.000
2022-09-30,1.828,1.782,1.840,1.781,1463379.000
2022-10-10,1.778,1.737,1.786,1.733,1065138.000
2022-10-11,1.743,1.787,1.797,1.743,1139472.000
2022-10-12,1.787,1.851,1.853,1.754,1302440.000
2022-10-13,1.844,1.831,1.863,1.829,1735428.000
2022-10-14,1.853,1.866,1.879,1.821,1460938.000
2022-10-17,1.846,1.855,1.862,1.825,1029285.000
2022-10-18,1.885,1.867,1.894,1.857,1293450.000
2022-10-19,1.860,1.866,1.908,1.857,1292090.000
2022-10-20,1.849,1.816,1.849,1.787,1967595.000
2022-10-21,1.801,1.801,1.829,1.793,1015849.000
2022-10-24,1.803,1.783,1.838,1.763,1656930.000
2022-10-25,1.766,1.799,1.817,1.741,1521790.000
2022-10-26,1.803,1.808,1.829,1.784,1455864.000
2022-10-27,1.815,1.779,1.838,1.778,1163403.000
2022-10-28,1.768,1.692,1.769,1.683,2078856.000
2022-10-31,1.672,1.707,1.735,1.670,1501456.000
2022-11-01,1.715,1.795,1.797,1.703,2594509.000
2022-11-02,1.784,1.83,1.837,1.770,1619934.000
2022-11-03,1.809,1.825,1.847,1.805,1253958.000
2022-11-04,1.827,1.922,1.930,1.827,2356846.000
2022-11-07,1.922,1.934,1.948,1.902,1870439.000
2022-11-08,1.933,1.931,1.963,1.904,1424771.000
2022-11-09,1.937,1.894,1.945,1.894,1444819.000
2022-11-10,1.880,1.85,1.887,1.829,1740805.000
2022-11-11,1.905,1.885,1.916,1.868,1887099.000
2022-11-14,1.885,1.831,1.904,1.818,1778725.000
2022-11-15,1.825,1.875,1.876,1.808,2133171.000
2022-11-16,1.871,1.831,1.871,1.824,1563661.000
2022-11-17,1.818,1.786,1.818,1.767,2081836.000
2022-11-18,1.786,1.774,1.807,1.764,1784480.000
2022-11-21,1.758,1.797,1.800,1.754,1224980.000
2022-11-22,1.787,1.757,1.788,1.750,1349144.000
2022-11-23,1.749,1.763,1.770,1.728,1349858.000
2022-11-24,1.772,1.769,1.791,1.754,1501448.000
2022-11-25,1.761,1.729,1.762,1.727,1403761.000
2022-11-28,1.694,1.716,1.718,1.678,1059464.000
2022-11-29,1.710,1.729,1.740,1.703,1549256.000
2022-11-30,1.730,1.759,1.771,1.724,2234123.000
2022-12-01,1.800,1.788,1.813,1.786,2393644.000
2022-12-02,1.774,1.777,1.799,1.772,993119.000
2022-12-05,1.789,1.782,1.794,1.764,1279308.000
2022-12-06,1.768,1.798,1.815,1.754,1820928.000
2022-12-07,1.792,1.837,1.860,1.787,2050784.000
2022-12-08,1.831,1.832,1.850,1.815,1093117.000
2022-12-09,1.831,1.828,1.840,1.814,1053751.000
2022-12-12,1.823,1.8,1.823,1.794,869688.000
2022-12-13,1.800,1.773,1.814,1.770,1008313.000
2022-12-14,1.773,1.761,1.785,1.755,806921.000
2022-12-15,1.759,1.813,1.815,1.753,1697499.000
2022-12-16,1.799,1.769,1.805,1.760,1233682.000
2022-12-19,1.775,1.777,1.824,1.772,1684189.000
2022-12-20,1.766,1.74,1.770,1.732,1062675.000
2022-12-21,1.740,1.729,1.751,1.721,839760.000
2022-12-22,1.736,1.7,1.738,1.690,1189554.000
2022-12-23,1.685,1.675,1.693,1.662,1124186.000
2022-12-26,1.673,1.727,1.729,1.672,1087843.000
2022-12-27,1.727,1.73,1.734,1.705,1395646.000
2022-12-28,1.717,1.694,1.717,1.673,1508282.000
2022-12-29,1.684,1.694,1.712,1.680,1093078.000
2022-12-30,1.708,1.678,1.716,1.676,1190778.000
2023-01-03,1.675,1.69,1.694,1.646,1537053.000
2023-01-04,1.680,1.654,1.682,1.647,1745529.000
2023-01-05,1.665,1.712,1.721,1.660,2235533.000
2023-01-06,1.707,1.736,1.763,1.705,4947854.000
2023-01-09,1.748,1.746,1.773,1.743,1832087.000
2023-01-10,1.742,1.77,1.782,1.726,2179492.000
2023-01-11,1.766,1.749,1.774,1.745,1280845.000
2023-01-12,1.753,1.776,1.804,1.753,1917943.000
2023-01-13,1.789,1.782,1.807,1.762,1402778.000
2023-01-16,1.783,1.786,1.803,1.766,2420165.000
2023-01-17,1.785,1.792,1.808,1.784,1678419.000
2023-01-18,1.799,1.795,1.814,1.790,1505501.000
2023-01-19,1.795,1.802,1.804,1.782,1179671.000
2023-01-20,1.805,1.832,1.833,1.798,1589146.000
2023-01-30,1.900,1.884,1.922,1.880,2707865.000
2023-01-31,1.884,1.875,1.894,1.865,1505597.000
2023-02-01,1.881,1.917,1.919,1.881,2536158.000
2023-02-02,1.923,1.898,1.930,1.897,1939550.000
2023-02-03,1.894,1.871,1.896,1.845,2203849.000
2023-02-06,1.860,1.841,1.865,1.829,1588185.000
2023-02-07,1.841,1.846,1.852,1.831,1762415.000
2023-02-08,1.848,1.847,1.865,1.836,1697654.000
2023-02-09,1.841,1.863,1.865,1.831,1409846.000
2023-02-10,1.853,1.829,1.857,1.824,1366841.000
2023-02-13,1.825,1.841,1.846,1.821,1092604.000
2023-02-14,1.844,1.831,1.850,1.822,1205699.000
2023-02-15,1.837,1.816,1.846,1.815,1014182.000
2023-02-16,1.818,1.783,1.829,1.772,1878559.000
2023-02-17,1.782,1.747,1.791,1.743,2233359.000
2023-02-20,1.743,1.751,1.752,1.712,1754050.000
2023-02-21,1.745,1.753,1.763,1.736,1548436.000
2023-02-22,1.743,1.734,1.746,1.732,1112563.000
2023-02-23,1.736,1.745,1.749,1.734,1242947.000
2023-02-24,1.747,1.723,1.747,1.715,1714102.000
2023-02-27,1.718,1.71,1.722,1.702,1119137.000
2023-02-28,1.711,1.719,1.721,1.701,1092303.000
2023-03-01,1.717,1.73,1.732,1.706,1474827.000
2023-03-02,1.737,1.703,1.737,1.698,1761469.000
2023-03-03,1.702,1.7,1.713,1.692,1629358.000
2023-03-06,1.703,1.703,1.705,1.667,3192537.000
2023-03-07,1.697,1.677,1.699,1.673,2358335.000
2023-03-08,1.667,1.667,1.678,1.656,1380355.000
2023-03-09,1.667,1.668,1.681,1.658,1401930.000
2023-03-10,1.661,1.644,1.665,1.637,1756431.000
2023-03-13,1.633,1.62,1.643,1.612,1796073.000
2023-03-14,1.618,1.608,1.623,1.575,2605959.000
2023-03-15,1.611,1.605,1.633,1.603,2060798.000
2023-03-16,1.589,1.572,1.600,1.570,1529079.000
2023-03-17,1.582,1.569,1.588,1.564,1559187.000
2023-03-20,1.566,1.577,1.586,1.548,2057358.000
2023-03-21,1.577,1.61,1.611,1.568,2414913.000
2023-03-22,1.622,1.622,1.642,1.612,2221208.000
2023-03-23,1.610,1.615,1.623,1.605,2059198.000
2023-03-24,1.617,1.618,1.627,1.599,2315089.000
2023-03-27,1.615,1.622,1.625,1.601,1498716.000
2023-03-28,1.620,1.605,1.624,1.603,1089264.000
2023-03-29,1.608,1.616,1.632,1.607,1718541.000
2023-03-30,1.618,1.629,1.629,1.605,1574192.000
2023-03-31,1.633,1.634,1.654,1.629,2029818.000
2023-04-03,1.633,1.64,1.650,1.618,2109225.000
2023-04-04,1.639,1.597,1.639,1.589,2998423.000
2023-04-06,1.588,1.595,1.598,1.572,1932592.000
2023-04-07,1.592,1.598,1.608,1.590,1591680.000
2023-04-10,1.600,1.633,1.634,1.598,3930766.000
2023-04-11,1.632,1.634,1.644,1.620,2230197.000
2023-04-12,1.634,1.612,1.634,1.605,1668249.000
2023-04-13,1.603,1.592,1.608,1.589,1871302.000
2023-04-14,1.597,1.634,1.646,1.595,3896315.000
2023-04-17,1.632,1.645,1.657,1.630,2244844.000
2023-04-18,1.647,1.645,1.671,1.642,2268253.000
2023-04-19,1.645,1.638,1.647,1.626,1561067.000
2023-04-20,1.639,1.587,1.639,1.584,3324298.000
2023-04-21,1.585,1.567,1.609,1.564,2132050.000
2023-04-24,1.564,1.545,1.575,1.541,3035372.000
2023-04-25,1.544,1.477,1.544,1.463,6571515.000
2023-04-26,1.473,1.536,1.557,1.463,3627819.000
2023-04-27,1.533,1.552,1.562,1.532,2256792.000
2023-04-28,1.556,1.549,1.567,1.536,1857823.000
2023-05-04,1.544,1.532,1.562,1.527,2073378.000
2023-05-05,1.530,1.51,1.533,1.498,2706756.000
2023-05-08,1.519,1.522,1.537,1.510,1456310.000
2023-05-09,1.517,1.498,1.524,1.497,1634220.000
2023-05-10,1.500,1.542,1.555,1.489,5678732.000
2023-05-11,1.543,1.566,1.582,1.534,2920719.000
2023-05-12,1.565,1.546,1.585,1.540,2162071.000
2023-05-15,1.547,1.606,1.607,1.547,4161210.000
2023-05-16,1.608,1.602,1.611,1.592,2365445.000
2023-05-17,1.601,1.592,1.611,1.582,1774210.000
2023-05-18,1.598,1.575,1.599,1.560,1793294.000
2023-05-19,1.571,1.569,1.580,1.560,1695875.000
2023-05-22,1.565,1.581,1.584,1.555,1635249.000
2023-05-23,1.583,1.559,1.589,1.558,2099601.000
2023-05-24,1.551,1.55,1.571,1.546,1886292.000
2023-05-25,1.548,1.543,1.558,1.533,1829204.000
2023-05-26,1.542,1.517,1.542,1.501,2001643.000
2023-05-29,1.521,1.5,1.525,1.491,1528388.000
2023-05-30,1.491,1.509,1.519,1.490,2388737.000
2023-05-31,1.510,1.495,1.512,1.486,1605184.000
2023-06-01,1.495,1.499,1.521,1.485,1815700.000
2023-06-02,1.506,1.541,1.544,1.505,2581506.000
2023-06-05,1.540,1.524,1.541,1.507,1807451.000
2023-06-06,1.518,1.506,1.524,1.500,2155146.000
2023-06-07,1.504,1.474,1.509,1.469,3042232.000
2023-06-08,1.473,1.47,1.492,1.468,2293934.000
2023-06-09,1.473,1.479,1.495,1.472,1927564.000
2023-06-12,1.477,1.493,1.502,1.470,1902675.000
2023-06-13,1.494,1.494,1.499,1.483,1278652.000
2023-06-14,1.496,1.48,1.502,1.479,1827840.000
2023-06-15,1.483,1.548,1.554,1.479,3854061.000
2023-06-16,1.554,1.557,1.563,1.542,2723329.000
2023-06-19,1.555,1.542,1.561,1.537,1734339.000
2023-06-20,1.545,1.539,1.555,1.528,2503596.000
2023-06-21,1.536,1.516,1.553,1.514,2418978.000
2023-06-26,1.499,1.515,1.533,1.496,1882522.000
2023-06-27,1.514,1.512,1.521,1.491,1472969.000
2023-06-28,1.510,1.51,1.518,1.495,1384541.000
2023-06-29,1.508,1.506,1.521,1.502,1138230.000
2023-06-30,1.506,1.539,1.547,1.499,2999897.000
2023-07-03,1.547,1.545,1.567,1.540,2441076.000
2023-07-04,1.547,1.556,1.560,1.534,2016105.000
2023-07-05,1.558,1.555,1.574,1.548,2578326.000
2023-07-06,1.550,1.535,1.550,1.529,2072667.000
2023-07-07,1.529,1.517,1.530,1.514,1469162.000
2023-07-10,1.520,1.534,1.553,1.518,1558558.000
2023-07-11,1.537,1.551,1.554,1.524,1628210.000
2023-07-12,1.553,1.543,1.560,1.541,1422371.000
2023-07-13,1.550,1.554,1.567,1.548,1584661.000
2023-07-14,1.554,1.538,1.554,1.535,1267964.000
2023-07-17,1.535,1.516,1.535,1.511,1536153.000
2023-07-18,1.516,1.513,1.522,1.502,1173753.000
2023-07-19,1.511,1.501,1.513,1.492,1225596.000
2023-07-20,1.503,1.5,1.521,1.498,1509512.000
2023-07-21,1.495,1.487,1.501,1.479,1480525.000
2023-07-24,1.480,1.462,1.481,1.460,1942464.000
2023-07-25,1.477,1.502,1.502,1.476,1811875.000
2023-07-26,1.501,1.497,1.506,1.493,1210592.000
2023-07-27,1.509,1.496,1.515,1.493,1427566.000
2023-07-28,1.490,1.51,1.513,1.481,2099768.000
2023-07-31,1.521,1.54,1.550,1.518,2251452.000
2023-08-01,1.536,1.528,1.542,1.523,1343672.000
2023-08-02,1.528,1.53,1.539,1.524,1200676.000
2023-08-03,1.522,1.537,1.538,1.516,1028353.000
2023-08-04,1.548,1.549,1.559,1.533,1839000.000
2023-08-07,1.546,1.542,1.552,1.536,1698944.000
2023-08-08,1.539,1.537,1.543,1.530,1736215.000
2023-08-09,1.530,1.531,1.537,1.524,1816007.000
2023-08-10,1.531,1.535,1.544,1.522,1480209.000
2023-08-11,1.535,1.498,1.536,1.498,1331315.000
2023-08-14,1.489,1.472,1.489,1.455,1870258.000
2023-08-15,1.468,1.455,1.476,1.445,2613203.000
2023-08-16,1.449,1.444,1.467,1.443,1635376.000
2023-08-17,1.441,1.451,1.456,1.430,1649937.000
2023-08-18,1.451,1.426,1.456,1.425,1240873.000
2023-08-21,1.425,1.402,1.427,1.400,1722494.000
2023-08-22,1.406,1.393,1.415,1.366,2074659.000
2023-08-23,1.385,1.356,1.389,1.354,1214555.000
2023-08-24,1.360,1.363,1.376,1.349,1555369.000
2023-08-25,1.358,1.347,1.358,1.341,1139747.000
2023-08-28,1.417,1.352,1.420,1.347,2012120.000
2023-08-29,1.343,1.388,1.399,1.343,1918127.000
2023-08-30,1.389,1.388,1.407,1.385,1113966.000
2023-08-31,1.385,1.377,1.388,1.370,923516.000
2023-09-01,1.379,1.38,1.387,1.375,664345.000
2023-09-04,1.386,1.396,1.397,1.367,1748112.000
2023-09-05,1.392,1.39,1.399,1.386,1331258.000
2023-09-06,1.384,1.387,1.391,1.378,910534.000
2023-09-07,1.385,1.356,1.385,1.355,1952593.000
2023-09-08,1.350,1.342,1.355,1.334,1923455.000
2023-09-11,1.343,1.35,1.360,1.331,1331984.000
2023-09-12,1.353,1.359,1.375,1.347,1126963.000
2023-09-13,1.354,1.342,1.360,1.337,1126294.000
2023-09-14,1.333,1.321,1.337,1.317,1253613.000
2023-09-15,1.323,1.31,1.325,1.306,1186050.000
2023-09-18,1.305,1.33,1.349,1.303,1469964.000
2023-09-19,1.325,1.317,1.327,1.312,932418.000
2023-09-20,1.312,1.298,1.315,1.297,1885497.000
2023-09-21,1.292,1.286,1.302,1.280,1014353.000
2023-09-22,1.282,1.31,1.310,1.282,1170255.000
2023-09-25,1.309,1.302,1.315,1.297,900297.000
2023-09-26,1.301,1.285,1.301,1.284,751516.000
2023-09-27,1.282,1.293,1.311,1.280,1064510.000
2023-09-28,1.295,1.288,1.305,1.283,999163.000
2023-10-09,1.288,1.281,1.288,1.268,990630.000
2023-10-10,1.279,1.28,1.302,1.279,925782.000
2023-10-11,1.287,1.277,1.292,1.274,1000808.000
2023-10-12,1.284,1.316,1.318,1.280,2488417.000
2023-10-13,1.303,1.292,1.306,1.286,1232355.000
2023-10-16,1.293,1.261,1.293,1.256,1286153.000
2023-10-17,1.261,1.269,1.283,1.259,1086650.000
2023-10-18,1.271,1.26,1.271,1.255,1157383.000
2023-10-19,1.252,1.231,1.252,1.230,1191244.000
2023-10-20,1.224,1.244,1.260,1.222,1724767.000
2023-10-23,1.243,1.213,1.243,1.205,1270270.000
2023-10-24,1.216,1.224,1.231,1.211,1577045.000
2023-10-25,1.231,1.222,1.241,1.221,1087474.000
2023-10-26,1.215,1.227,1.228,1.194,1222424.000
2023-10-27,1.220,1.27,1.273,1.214,2577356.000
2023-10-30,1.262,1.284,1.287,1.258,2115855.000
2023-10-31,1.275,1.264,1.275,1.254,1046201.000
2023-11-01,1.268,1.255,1.268,1.246,1236418.000
2023-11-02,1.258,1.237,1.263,1.236,1064723.000
2023-11-03,1.242,1.254,1.260,1.240,1212694.000
2023-11-06,1.261,1.302,1.303,1.260,2268641.000
2023-11-07,1.301,1.291,1.301,1.284,1266271.000
2023-11-08,1.288,1.288,1.298,1.280,1048204.000
2023-11-09,1.286,1.291,1.298,1.284,910744.000
2023-11-10,1.284,1.278,1.285,1.274,831315.000
2023-11-13,1.282,1.277,1.288,1.271,1305350.000
2023-11-14,1.278,1.271,1.283,1.264,1226929.000
2023-11-15,1.282,1.29,1.298,1.282,1574120.000
2023-11-16,1.288,1.265,1.288,1.264,1601495.000
2023-11-17,1.261,1.27,1.273,1.258,1088907.000
2023-11-20,1.270,1.273,1.277,1.255,1021175.000
2023-11-21,1.277,1.263,1.284,1.260,1006102.000
2023-11-22,1.255,1.232,1.258,1.231,1350789.000
2023-11-23,1.230,1.242,1.242,1.225,915407.000
2023-11-24,1.239,1.219,1.240,1.217,1335264.000
2023-11-27,1.218,1.203,1.219,1.196,1165878.000
2023-11-28,1.202,1.213,1.214,1.194,1200895.000
2023-11-29,1.212,1.197,1.212,1.194,821265.000
2023-11-30,1.196,1.19,1.202,1.185,1035082.000
2023-12-01,1.190,1.182,1.191,1.168,1197114.000
2023-12-04,1.182,1.175,1.184,1.171,813155.000
2023-12-05,1.170,1.162,1.188,1.161,1298759.000
2023-12-06,1.159,1.193,1.210,1.158,2214830.000
2023-12-07,1.189,1.183,1.193,1.173,1160549.000
2023-12-08,1.192,1.18,1.194,1.175,965901.000
2023-12-11,1.173,1.183,1.184,1.152,1195260.000
2023-12-12,1.174,1.174,1.182,1.170,855476.000
2023-12-13,1.172,1.147,1.172,1.147,1124369.000
2023-12-14,1.155,1.139,1.166,1.137,1165757.000
2023-12-15,1.143,1.141,1.158,1.137,1166974.000
2023-12-18,1.131,1.113,1.140,1.110,1127514.000
2023-12-19,1.113,1.117,1.123,1.107,2256515.000
2023-12-20,1.119,1.099,1.120,1.099,811460.000
2023-12-21,1.093,1.119,1.128,1.092,1635971.000
2023-12-22,1.117,1.136,1.154,1.104,2459117.000
2023-12-25,1.135,1.144,1.150,1.133,822254.000
2023-12-26,1.144,1.136,1.146,1.131,636457.000
2023-12-27,1.135,1.129,1.139,1.123,1603713.000
2023-12-28,1.126,1.188,1.193,1.124,2331334.000
2023-12-29,1.186,1.191,1.198,1.182,1251231.000
2024-01-02,1.190,1.163,1.192,1.162,1264959.000
2024-01-03,1.162,1.159,1.168,1.148,1100202.000
2024-01-04,1.159,1.137,1.160,1.132,1300581.000
2024-01-05,1.131,1.132,1.164,1.125,1312038.000
2024-01-08,1.129,1.111,1.141,1.110,877798.000
2024-01-09,1.110,1.121,1.136,1.101,1098475.000
2024-01-10,1.116,1.12,1.143,1.103,1095114.000
2024-01-11,1.118,1.158,1.171,1.113,1760210.000
2024-01-12,1.150,1.151,1.167,1.149,1518930.000
2024-01-15,1.146,1.13,1.146,1.124,955037.000
2024-01-16,1.124,1.14,1.149,1.123,1956586.000
2024-01-17,1.136,1.098,1.136,1.097,1208421.000
2024-01-18,1.090,1.115,1.118,1.083,1656333.000
2024-01-19,1.108,1.11,1.138,1.106,1608242.000
2024-01-22,1.103,1.067,1.103,1.060,1615757.000
2024-01-23,1.065,1.074,1.086,1.052,1885608.000
2024-01-24,1.075,1.072,1.084,1.037,1677549.000
2024-01-25,1.070,1.085,1.086,1.050,1739989.000
2024-01-26,1.076,1.063,1.083,1.061,1072214.000
2024-01-29,1.063,1.025,1.065,1.023,1601372.000
2024-01-30,1.016,0.993,1.028,0.992,1521850.000
2024-01-31,0.993,0.978,1.011,0.976,2054081.000
2024-02-01,0.972,0.976,0.995,0.965,1524598.000
2024-02-02,0.975,0.945,0.982,0.917,1767459.000
2024-02-05,0.935,0.93,0.953,0.891,2270220.000
2024-02-06,0.920,0.986,0.988,0.914,2082678.000
2024-02-07,0.988,1.022,1.028,0.987,1610023.000
2024-02-08,1.032,1.046,1.067,1.029,1386629.000
2024-02-19,1.050,1.037,1.146,1.027,1836178.000
2024-02-20,1.037,1.029,1.037,1.013,1136378.000
2024-02-21,1.021,1.044,1.064,1.018,1447808.000
2024-02-22,1.043,1.047,1.049,1.035,938118.000
2024-02-23,1.047,1.053,1.056,1.036,1036651.000
2024-02-26,1.054,1.057,1.068,1.048,1300140.000
2024-02-27,1.057,1.079,1.080,1.051,1032982.000
2024-02-28,1.086,1.057,1.111,1.057,1772272.000
2024-02-29,1.047,1.099,1.100,1.047,1540408.000
2024-03-01,1.103,1.106,1.113,1.090,1834698.000
2024-03-04,1.101,1.1,1.116,1.092,1015290.000
2024-03-05,1.088,1.088,1.092,1.078,1167594.000
2024-03-06,1.077,1.09,1.105,1.074,1016423.000
2024-03-07,1.092,1.071,1.099,1.070,1380490.000
2024-03-08,1.071,1.072,1.082,1.060,1172944.000
2024-03-11,1.080,1.147,1.148,1.080,4898950.000
2024-03-12,1.154,1.155,1.159,1.139,1971243.000
2024-03-13,1.153,1.15,1.162,1.144,1291248.000
2024-03-14,1.150,1.14,1.167,1.131,1297558.000
2024-03-15,1.136,1.146,1.147,1.119,1118115.000
2024-03-18,1.160,1.177,1.178,1.155,2897486.000
2024-03-19,1.170,1.162,1.177,1.160,968745.000
2024-03-20,1.159,1.163,1.171,1.156,828594.000
2024-03-21,1.163,1.149,1.166,1.147,964580.000
2024-03-22,1.147,1.119,1.148,1.118,1189956.000
2024-03-25,1.116,1.097,1.123,1.095,973593.000
2024-03-26,1.096,1.124,1.132,1.096,1482794.000
2024-03-27,1.123,1.085,1.123,1.084,1304234.000
2024-03-28,1.082,1.094,1.108,1.082,1784982.000
2024-03-29,1.100,1.103,1.115,1.091,1214888.000
2024-04-01,1.109,1.146,1.147,1.106,1934492.000
2024-04-02,1.146,1.162,1.164,1.138,1587493.000
2024-04-03,1.160,1.157,1.172,1.151,1702180.000
2024-04-08,1.151,1.132,1.168,1.131,1281027.000
2024-04-09,1.130,1.17,1.171,1.128,1746532.000
2024-04-10,1.173,1.149,1.174,1.144,1279956.000
2024-04-11,1.142,1.147,1.153,1.127,1193519.000
2024-04-12,1.143,1.115,1.146,1.114,1094028.000
2024-04-15,1.113,1.129,1.142,1.113,1359547.000
2024-04-16,1.121,1.092,1.125,1.088,1389990.000
2024-04-17,1.092,1.117,1.119,1.092,1382797.000
2024-04-18,1.112,1.122,1.135,1.096,1174946.000
2024-04-19,1.115,1.096,1.116,1.089,1025198.000
2024-04-22,1.094,1.084,1.107,1.082,781331.000
2024-04-23,1.082,1.07,1.088,1.065,744741.000
2024-04-24,1.070,1.061,1.070,1.048,756235.000
2024-04-25,1.052,1.066,1.075,1.047,975250.000
2024-04-26,1.059,1.09,1.091,1.056,1167132.000
2024-04-29,1.095,1.134,1.145,1.094,1788535.000
2024-04-30,1.138,1.116,1.139,1.116,1104974.000
2024-05-06,1.140,1.151,1.158,1.140,1486709.000
2024-05-07,1.149,1.156,1.157,1.143,2076999.000
2024-05-08,1.149,1.131,1.152,1.130,886495.000
2024-05-09,1.137,1.164,1.170,1.137,1811962.000
2024-05-10,1.163,1.147,1.163,1.140,1333507.000
2024-05-13,1.130,1.12,1.132,1.117,1430118.000
2024-05-14,1.120,1.117,1.131,1.115,973504.000
2024-05-15,1.114,1.102,1.125,1.101,890269.000
2024-05-16,1.108,1.098,1.110,1.096,2293690.000
2024-05-17,1.099,1.12,1.120,1.093,1349326.000
2024-05-20,1.122,1.123,1.131,1.117,925587.000
2024-05-21,1.118,1.107,1.121,1.102,944848.000
2024-05-22,1.106,1.12,1.123,1.105,1170820.000
2024-05-23,1.116,1.095,1.116,1.093,931215.000
2024-05-24,1.091,1.076,1.096,1.075,748562.000
2024-05-27,1.080,1.083,1.085,1.065,773206.000
2024-05-28,1.081,1.069,1.083,1.067,705611.000
2024-05-29,1.074,1.092,1.094,1.071,1222801.000
2024-05-30,1.095,1.092,1.099,1.086,889879.000
2024-05-31,1.092,1.092,1.106,1.091,786318.000
2024-06-03,1.091,1.09,1.096,1.077,855803.000
2024-06-04,1.088,1.106,1.107,1.087,882525.000
2024-06-05,1.104,1.104,1.123,1.102,895536.000
2024-06-06,1.106,1.089,1.112,1.086,774767.000
2024-06-07,1.090,1.067,1.092,1.056,1184451.000
2024-06-11,1.060,1.071,1.072,1.054,790848.000
2024-06-12,1.068,1.066,1.071,1.061,489737.000
2024-06-13,1.066,1.07,1.080,1.066,655678.000
2024-06-14,1.069,1.071,1.072,1.052,717487.000
2024-06-17,1.067,1.086,1.094,1.062,1263628.000
2024-06-18,1.087,1.085,1.088,1.078,1650434.000
2024-06-19,1.085,1.065,1.086,1.063,645650.000
2024-06-20,1.065,1.039,1.065,1.037,917612.000
2024-06-21,1.036,1.029,1.040,1.021,816950.000
2024-06-24,1.024,1.007,1.024,1.006,979724.000
2024-06-25,1.006,1.001,1.015,0.994,905003.000
2024-06-26,0.995,1.022,1.024,0.988,1034615.000
2024-06-27,1.020,1.0,1.021,0.998,839189.000
2024-06-28,0.999,0.993,1.009,0.989,878952.000
2024-07-01,0.991,0.982,0.991,0.965,797099.000
2024-07-02,0.982,0.976,0.991,0.973,938094.000
2024-07-03,0.978,0.981,0.989,0.970,780322.000
2024-07-04,0.983,0.969,0.991,0.968,819400.000
2024-07-05,0.968,0.965,0.969,0.955,1229577.000
2024-07-08,0.963,0.942,0.963,0.939,1182091.000
2024-07-09,0.939,0.959,0.962,0.931,956014.000
2024-07-10,0.957,0.964,0.981,0.954,760172.000
2024-07-11,0.975,0.994,1.001,0.975,1173222.000
2024-07-12,0.992,0.992,0.998,0.983,731318.000
2024-07-15,0.988,0.978,0.989,0.977,601020.000
2024-07-16,0.975,0.988,0.989,0.975,699614.000
2024-07-17,0.986,0.986,0.995,0.977,700248.000
2024-07-18,0.979,0.994,0.996,0.974,892932.000
2024-07-19,0.990,0.999,1.006,0.985,860407.000
2024-07-22,0.998,0.993,1.008,0.988,659858.000
2024-07-23,0.990,0.961,0.993,0.960,639145.000
2024-07-24,0.955,0.941,0.962,0.939,695235.000
2024-07-25,0.938,0.948,0.956,0.935,1035385.000
2024-07-26,0.953,0.971,0.982,0.952,909809.000
2024-07-29,0.970,0.946,0.970,0.944,732287.000
2024-07-30,0.944,0.942,0.946,0.935,712068.000
2024-07-31,0.940,0.975,0.976,0.937,1101965.000
2024-08-01,0.975,0.959,0.978,0.956,796291.000
2024-08-02,0.955,0.946,0.961,0.942,695589.000
2024-08-05,0.941,0.93,0.961,0.929,838153.000
2024-08-06,0.938,0.94,0.946,0.929,666809.000
2024-08-07,0.938,0.935,0.942,0.933,614912.000
2024-08-08,0.937,0.931,0.939,0.921,581036.000
2024-08-09,0.937,0.923,0.944,0.923,536826.000
2024-08-12,0.925,0.917,0.927,0.913,458561.000
2024-08-13,0.916,0.922,0.925,0.908,848756.000
2024-08-14,0.921,0.906,0.923,0.905,517159.000
2024-08-15,0.904,0.916,0.923,0.901,813991.000
2024-08-16,0.917,0.909,0.918,0.908,569082.000
2024-08-19,0.910,0.908,0.921,0.907,545573.000
2024-08-20,0.909,0.899,0.915,0.898,618177.000
2024-08-21,0.898,0.906,0.913,0.891,667008.000
2024-08-22,0.906,0.895,0.909,0.894,668253.000
2024-08-23,0.893,0.886,0.895,0.884,444365.000
2024-08-26,0.887,0.905,0.915,0.886,676624.000
2024-08-27,0.900,0.893,0.901,0.888,390248.000
2024-08-28,0.892,0.893,0.896,0.884,418276.000
2024-08-29,0.889,0.908,0.914,0.886,983402.000
2024-08-30,0.908,0.93,0.943,0.907,1108692.000
2024-09-02,0.929,0.906,0.933,0.905,692426.000
2024-09-03,0.905,0.928,0.933,0.902,882188.000
2024-09-04,0.922,0.934,0.945,0.919,954700.000
2024-09-05,0.935,0.937,0.951,0.930,588908.000
2024-09-06,0.937,0.92,0.937,0.919,680281.000
2024-09-09,0.918,0.915,0.929,0.910,460985.000
2024-09-10,0.915,0.913,0.919,0.902,503779.000
2024-09-11,0.913,0.944,0.945,0.911,1203635.000
2024-09-12,0.942,0.936,0.953,0.935,588299.000
2024-09-13,0.935,0.909,0.937,0.909,848049.000
2024-09-18,0.907,0.911,0.915,0.900,637713.000
2024-09-19,0.914,0.919,0.929,0.900,594757.000
2024-09-20,0.921,0.91,0.923,0.903,482088.000
2024-09-23,0.907,0.906,0.917,0.904,361283.000
2024-09-24,0.913,0.958,0.958,0.908,1352831.000
2024-09-25,0.968,0.969,0.992,0.968,1136180.000
2024-09-26,0.971,1.005,1.006,0.965,956142.000
2024-09-27,1.015,1.088,1.091,1.015,921821.000
2024-09-30,1.143,1.197,1.197,1.127,2518853.000
2024-10-08,1.317,1.317,1.317,1.266,3034376.000
2024-10-09,1.313,1.235,1.341,1.225,2570776.000
2024-10-10,1.233,1.223,1.264,1.209,1964724.000
2024-10-11,1.218,1.154,1.218,1.132,1656845.000
2024-10-14,1.156,1.172,1.178,1.136,1429750.000
2024-10-15,1.166,1.138,1.174,1.136,1169429.000
2024-10-16,1.123,1.116,1.134,1.110,954177.000
2024-10-17,1.124,1.104,1.134,1.104,862031.000
2024-10-18,1.099,1.168,1.205,1.098,2250045.000
2024-10-21,1.185,1.181,1.207,1.173,1516773.000
2024-10-22,1.173,1.191,1.192,1.170,968616.000
2024-10-23,1.196,1.202,1.221,1.180,1831139.000
2024-10-24,1.199,1.179,1.203,1.173,1020040.000
2024-10-25,1.185,1.233,1.250,1.185,2682046.000
2024-10-28,1.231,1.232,1.239,1.212,1415192.000
2024-10-29,1.250,1.207,1.252,1.205,2015289.000
2024-10-30,1.199,1.191,1.210,1.181,1757148.000
2024-10-31,1.191,1.196,1.208,1.176,935343.000
2024-11-01,1.190,1.19,1.214,1.181,2599390.000
2024-11-04,1.196,1.227,1.231,1.196,1479676.000
2024-11-05,1.226,1.269,1.270,1.213,2095392.000
2024-11-06,1.271,1.281,1.323,1.270,3412124.000
2024-11-07,1.275,1.307,1.309,1.270,3363943.000
2024-11-08,1.319,1.3,1.348,1.295,1520520.000
2024-11-11,1.287,1.368,1.369,1.282,2323604.000
2024-11-12,1.378,1.364,1.411,1.348,2224528.000
2024-11-13,1.343,1.366,1.374,1.323,4928025.000
2024-11-14,1.373,1.314,1.375,1.311,2759382.000
2024-11-15,1.307,1.268,1.313,1.266,3140539.000
2024-11-18,1.267,1.253,1.289,1.242,1421554.000
2024-11-19,1.256,1.31,1.314,1.240,2424809.000
2024-11-20,1.302,1.313,1.326,1.296,2128986.000
2024-11-21,1.302,1.32,1.328,1.301,937890.000
2024-11-22,1.317,1.273,1.318,1.270,1207277.000
2024-11-25,1.278,1.293,1.307,1.273,1380738.000
2024-11-26,1.281,1.251,1.286,1.248,1457187.000
2024-11-27,1.245,1.275,1.275,1.225,1044096.000
2024-11-28,1.275,1.253,1.275,1.250,3696886.000
2024-11-29,1.253,1.274,1.290,1.244,2411121.000
2024-12-02,1.274,1.294,1.298,1.266,1133888.000
2024-12-03,1.295,1.281,1.297,1.273,927195.000
2024-12-04,1.280,1.262,1.281,1.258,857728.000
2024-12-05,1.259,1.257,1.267,1.251,529562.000
2024-12-06,1.258,1.279,1.287,1.241,738693.000
2024-12-09,1.277,1.278,1.287,1.268,936796.000
2024-12-10,1.327,1.277,1.329,1.271,1115944.000
2024-12-11,1.271,1.267,1.280,1.262,1080025.000
2024-12-12,1.265,1.278,1.284,1.259,743628.000
2024-12-13,1.270,1.249,1.270,1.248,1035543.000
2024-12-16,1.249,1.224,1.249,1.221,755950.000
2024-12-17,1.227,1.23,1.248,1.225,823853.000
2024-12-18,1.231,1.228,1.237,1.224,475895.000
2024-12-19,1.218,1.226,1.232,1.209,627875.000
2024-12-20,1.225,1.225,1.233,1.219,546849.000
2024-12-23,1.225,1.209,1.231,1.207,559336.000
2024-12-24,1.209,1.228,1.229,1.209,779962.000
2024-12-25,1.230,1.213,1.230,1.207,547880.000
2024-12-26,1.215,1.217,1.223,1.212,473878.000
2024-12-27,1.217,1.216,1.230,1.209,850594.000
2024-12-30,1.216,1.222,1.224,1.212,621797.000
2024-12-31,1.216,1.194,1.222,1.193,800302.000
2025-01-02,1.193,1.154,1.194,1.144,1330769.000
2025-01-03,1.152,1.132,1.160,1.130,587071.000
2025-01-06,1.133,1.139,1.150,1.130,590981.000
2025-01-07,1.132,1.147,1.149,1.124,595271.000
2025-01-08,1.145,1.136,1.146,1.111,765694.000
2025-01-09,1.130,1.15,1.154,1.129,538238.000
2025-01-10,1.151,1.14,1.165,1.140,659550.000
2025-01-13,1.135,1.149,1.162,1.130,565886.000
2025-01-14,1.146,1.195,1.197,1.145,896635.000
2025-01-15,1.195,1.183,1.197,1.180,592807.000
2025-01-16,1.183,1.182,1.205,1.172,636354.000
2025-01-17,1.179,1.193,1.200,1.179,608409.000
2025-01-20,1.199,1.209,1.218,1.199,733241.000
2025-01-21,1.216,1.209,1.217,1.197,760451.000
2025-01-22,1.206,1.193,1.206,1.188,584458.000
2025-01-23,1.200,1.185,1.213,1.185,570258.000
2025-01-24,1.184,1.205,1.213,1.182,854925.000
2025-01-27,1.208,1.186,1.210,1.185,526159.000
2025-02-05,1.194,1.197,1.207,1.190,504403.000
2025-02-06,1.193,1.255,1.256,1.191,1290394.000
2025-02-07,1.255,1.274,1.285,1.250,1218401.000
2025-02-10,1.275,1.269,1.276,1.251,863207.000
2025-02-11,1.274,1.256,1.275,1.250,609722.000
2025-02-12,1.251,1.279,1.286,1.240,1089622.000
2025-02-13,1.274,1.267,1.291,1.266,753758.000
2025-02-14,1.266,1.288,1.298,1.266,991269.000
2025-02-17,1.290,1.281,1.294,1.269,1148460.000
2025-02-18,1.284,1.286,1.306,1.277,1110435.000
2025-02-19,1.281,1.314,1.315,1.273,1053297.000
2025-02-20,1.314,1.311,1.318,1.297,811755.000
2025-02-21,1.310,1.34,1.344,1.310,1315525.000
2025-02-24,1.349,1.336,1.352,1.323,1173689.000
2025-02-25,1.318,1.331,1.349,1.312,913491.000
2025-02-26,1.333,1.356,1.368,1.329,1306089.000
2025-02-27,1.356,1.361,1.372,1.342,994578.000
2025-02-28,1.354,1.316,1.360,1.315,1162754.000
2025-03-03,1.330,1.356,1.382,1.330,2124769.000
2025-03-04,1.334,1.338,1.340,1.316,1040863.000
2025-03-05,1.334,1.339,1.343,1.328,958845.000
2025-03-06,1.349,1.36,1.363,1.345,844866.000
2025-03-07,1.357,1.344,1.361,1.338,652904.000
2025-03-10,1.348,1.349,1.359,1.335,568297.000
2025-03-11,1.329,1.349,1.349,1.327,626995.000
2025-03-12,1.360,1.34,1.360,1.338,507462.000
2025-03-13,1.339,1.322,1.348,1.317,633112.000
2025-03-14,1.323,1.356,1.359,1.319,899737.000
2025-03-17,1.358,1.347,1.358,1.342,530684.000
2025-03-18,1.350,1.349,1.362,1.346,630425.000
2025-03-19,1.347,1.357,1.365,1.337,764883.000
2025-03-20,1.357,1.349,1.359,1.345,619119.000
2025-03-21,1.342,1.306,1.344,1.302,1047956.000
2025-03-24,1.305,1.305,1.311,1.287,678231.000
2025-03-25,1.306,1.3,1.315,1.293,528779.000
2025-03-26,1.299,1.301,1.315,1.298,749218.000
2025-03-27,1.300,1.306,1.324,1.290,902579.000
2025-03-28,1.306,1.292,1.308,1.290,561584.000
2025-03-31,1.288,1.272,1.288,1.264,592080.000
2025-04-01,1.275,1.265,1.278,1.264,530553.000
2025-04-02,1.262,1.267,1.275,1.259,488968.000
2025-04-03,1.254,1.25,1.269,1.247,736809.000
2025-04-07,1.177,1.125,1.190,1.125,994118.000
2025-04-08,1.104,1.104,1.125,1.088,961883.000
2025-04-09,1.087,1.11,1.116,1.060,1117972.000
2025-04-10,1.131,1.139,1.162,1.131,736076.000
2025-04-11,1.129,1.161,1.169,1.128,933801.000
2025-04-14,1.180,1.165,1.185,1.165,816436.000
2025-04-15,1.172,1.168,1.178,1.161,458119.000
2025-04-16,1.164,1.15,1.164,1.135,656642.000
2025-04-17,1.150,1.147,1.156,1.144,508478.000
2025-04-18,1.146,1.152,1.153,1.138,333598.000
2025-04-21,1.153,1.175,1.177,1.143,631350.000
2025-04-22,1.174,1.17,1.177,1.167,447470.000
2025-04-23,1.186,1.193,1.198,1.181,895150.000
2025-04-24,1.193,1.188,1.206,1.183,501301.000
2025-04-25,1.190,1.194,1.200,1.186,471780.000
2025-04-28,1.190,1.177,1.192,1.172,942174.000
2025-04-29,1.177,1.18,1.188,1.175,339539.000
2025-04-30,1.184,1.198,1.201,1.180,531156.000
2025-05-06,1.204,1.22,1.220,1.204,558553.000
2025-05-07,1.229,1.217,1.239,1.207,1442376.000
2025-05-08,1.212,1.23,1.237,1.211,530814.000
2025-05-09,1.228,1.225,1.231,1.215,943334.000
2025-05-12,1.238,1.255,1.256,1.236,671343.000
2025-05-13,1.266,1.249,1.268,1.245,710551.000
2025-05-14,1.248,1.258,1.265,1.243,548824.000
2025-05-15,1.258,1.239,1.258,1.238,439936.000
2025-05-16,1.235,1.25,1.258,1.234,475625.000
2025-05-19,1.250,1.244,1.250,1.229,453637.000
2025-05-20,1.243,1.253,1.258,1.238,444782.000
2025-05-21,1.256,1.276,1.285,1.252,820422.000
2025-05-22,1.273,1.258,1.273,1.257,570177.000
2025-05-23,1.256,1.255,1.280,1.254,662599.000
2025-05-26,1.250,1.228,1.251,1.223,670225.000
2025-05-27,1.224,1.22,1.227,1.210,552240.000
2025-05-28,1.217,1.207,1.221,1.204,383384.000
2025-05-29,1.205,1.217,1.224,1.201,565468.000
2025-05-30,1.213,1.196,1.213,1.194,541109.000
2025-06-03,1.193,1.197,1.202,1.191,639359.000
2025-06-04,1.201,1.214,1.218,1.199,587630.000
2025-06-05,1.214,1.217,1.219,1.204,1062134.000
2025-06-06,1.217,1.213,1.220,1.209,325421.000
2025-06-09,1.213,1.213,1.221,1.208,507061.000
2025-06-10,1.213,1.203,1.221,1.194,421465.000
2025-06-11,1.203,1.224,1.234,1.203,670393.000
2025-06-12,1.224,1.22,1.226,1.213,464777.000
2025-06-13,1.215,1.205,1.222,1.202,374558.000
2025-06-16,1.205,1.198,1.206,1.195,471558.000
2025-06-17,1.199,1.204,1.212,1.197,425642.000
2025-06-18,1.204,1.205,1.207,1.194,311018.000
2025-06-19,1.206,1.198,1.221,1.194,485544.000
2025-06-20,1.200,1.19,1.209,1.189,343721.000
2025-06-23,1.188,1.206,1.207,1.181,456206.000
2025-06-24,1.206,1.249,1.249,1.206,1129152.000
2025-06-25,1.252,1.267,1.270,1.249,741716.000
2025-06-26,1.265,1.258,1.279,1.257,641601.000
2025-06-27,1.261,1.255,1.278,1.252,1039516.000
2025-06-30,1.252,1.261,1.261,1.248,513100.000
2025-07-01,1.260,1.255,1.260,1.240,493221.000
2025-07-02,1.254,1.253,1.255,1.242,806690.000
2025-07-03,1.251,1.271,1.274,1.248,1156356.000
2025-07-04,1.268,1.254,1.269,1.250,545804.000
2025-07-07,1.248,1.239,1.251,1.238,473492.000
2025-07-08,1.241,1.259,1.264,1.240,612692.000
2025-07-09,1.259,1.254,1.268,1.252,476409.000
2025-07-10,1.252,1.253,1.259,1.246,415541.000
2025-07-11,1.253,1.258,1.270,1.246,582854.000
2025-07-14,1.260,1.261,1.273,1.260,404609.000
2025-07-15,1.261,1.255,1.268,1.244,520368.000
2025-07-16,1.254,1.259,1.263,1.251,406320.000
2025-07-17,1.260,1.28,1.280,1.256,683897.000
2025-07-18,1.283,1.295,1.300,1.282,697599.000
2025-07-21,1.296,1.307,1.308,1.292,656318.000
2025-07-22,1.307,1.325,1.327,1.302,745904.000
2025-07-23,1.329,1.314,1.333,1.314,768330.000
2025-07-24,1.316,1.35,1.355,1.314,952263.000
2025-07-25,1.351,1.347,1.355,1.343,551038.000
2025-07-28,1.345,1.354,1.359,1.336,746410.000
2025-07-29,1.350,1.353,1.359,1.345,735482.000
2025-07-30,1.358,1.323,1.358,1.315,689590.000
2025-07-31,1.321,1.29,1.323,1.286,1012593.000
2025-08-01,1.289,1.291,1.300,1.282,959000.000
2025-08-04,1.280,1.291,1.294,1.276,533131.000
2025-08-05,1.295,1.299,1.301,1.292,1851236.000
2025-08-06,1.296,1.308,1.308,1.292,544422.000
2025-08-07,1.309,1.306,1.312,1.294,468254.000
2025-08-08,1.306,1.303,1.312,1.297,454283.000
2025-08-11,1.322,1.351,1.352,1.319,1401171.000
2025-08-12,1.345,1.344,1.350,1.327,821021.000
2025-08-13,1.346,1.356,1.362,1.340,1020433.000
2025-08-14,1.362,1.341,1.364,1.334,1115575.000
2025-08-15,1.337,1.371,1.372,1.337,753980.000
2025-08-18,1.382,1.392,1.402,1.375,894699.000
2025-08-19,1.388,1.391,1.408,1.370,653266.000
2025-08-20,1.385,1.401,1.402,1.371,550715.000
2025-08-21,1.404,1.389,1.405,1.382,1749101.000
2025-08-22,1.388,1.413,1.414,1.388,891285.000
2025-08-25,1.432,1.439,1.447,1.418,1024336.000
2025-08-26,1.433,1.433,1.446,1.422,1123613.000
2025-08-27,1.433,1.414,1.468,1.413,1384671.000
2025-08-28,1.412,1.429,1.430,1.389,899327.000
2025-08-29,1.429,1.492,1.522,1.429,1703317.000
2025-09-01,1.495,1.51,1.514,1.487,1157364.000
2025-09-02,1.508,1.501,1.526,1.481,1287294.000
2025-09-03,1.500,1.501,1.537,1.488,983056.000
2025-09-04,1.520,1.486,1.551,1.464,1614547.000
2025-09-05,1.485,1.61,1.610,1.485,2389060.000
2025-09-08,1.625,1.66,1.675,1.604,1534895.000
2025-09-09,1.653,1.651,1.673,1.638,1611322.000
2025-09-10,1.633,1.629,1.642,1.607,1349421.000
2025-09-11,1.617,1.658,1.658,1.606,989558.000
2025-09-12,1.659,1.645,1.670,1.634,931321.000
2025-09-15,1.650,1.685,1.726,1.650,1351173.000
2025-09-16,1.680,1.699,1.700,1.655,853815.000
2025-09-17,1.692,1.731,1.739,1.690,902222.000
2025-09-18,1.727,1.712,1.755,1.686,1320849.000
2025-09-19,1.711,1.711,1.744,1.700,1233364.000
2025-09-22,1.709,1.716,1.732,1.690,968832.000
2025-09-23,1.711,1.726,1.754,1.688,1443041.000
2025-09-24,1.716,1.781,1.781,1.711,1307888.000
2025-09-25,1.776,1.795,1.825,1.775,796408.000
2025-09-26,1.780,1.768,1.817,1.763,616952.000
2025-09-29,1.783,1.847,1.849,1.783,1119107.000
2025-09-30,1.846,1.902,1.906,1.836,1278501.000
2025-10-09,1.913,1.949,1.971,1.907,945305.000
2025-10-10,1.938,1.828,1.938,1.816,1489709.000
2025-10-13,1.750,1.839,1.844,1.744,1087452.000
2025-10-14,1.860,1.757,1.862,1.746,1007910.000
2025-10-15,1.748,1.798,1.800,1.740,1198338.000
2025-10-16,1.787,1.798,1.822,1.777,1073860.000
2025-10-17,1.799,1.729,1.812,1.725,1135667.000
2025-10-20,1.747,1.751,1.780,1.735,1036897.000
2025-10-21,1.756,1.775,1.782,1.746,1120530.000
2025-10-22,1.764,1.754,1.770,1.735,1545557.000
2025-10-23,1.739,1.775,1.778,1.724,1049005.000
2025-10-24,1.784,1.804,1.804,1.776,1667598.000
2025-10-27,1.816,1.816,1.833,1.790,999183.000
2025-10-28,1.806,1.818,1.838,1.800,996546.000
2025-10-29,1.816,1.888,1.888,1.812,1136010.000
2025-10-30,1.890,1.895,1.928,1.876,1021447.000
2025-10-31,1.890,1.894,1.965,1.890,1310470.000
2025-11-03,1.890,1.865,1.892,1.820,1013278.000
2025-11-04,1.859,1.807,1.865,1.793,817256.000
2025-11-05,1.770,1.844,1.857,1.767,1444578.000
2025-11-06,1.840,1.878,1.879,1.837,734014.000
2025-11-07,1.884,1.912,1.927,1.853,1357766.000
2025-11-10,1.918,1.89,1.943,1.874,1446123.000
2025-11-11,1.892,1.87,1.909,1.864,844934.000
2025-11-12,1.866,1.848,1.876,1.821,649258.000
2025-11-13,1.841,1.961,1.978,1.841,1649439.000
2025-11-14,1.936,1.924,1.949,1.922,923941.000
2025-11-17,1.920,1.96,1.964,1.912,961585.000
2025-11-18,1.960,1.89,1.972,1.877,970857.000
2025-11-19,1.885,1.905,1.923,1.885,831706.000
2025-11-20,1.914,1.875,1.938,1.870,902786.000
2025-11-21,1.829,1.763,1.829,1.760,1460507.000
2025-11-24,1.762,1.742,1.769,1.718,930113.000
2025-11-25,1.754,1.769,1.779,1.746,805722.000
2025-11-26,1.772,1.77,1.790,1.759,798809.000
2025-11-27,1.761,1.771,1.805,1.759,828081.000
2025-11-28,1.758,1.8,1.811,1.758,1001892.000
2025-12-01,1.803,1.814,1.837,1.803,1001014.000
2025-12-02,1.811,1.785,1.811,1.777,783326.000
2025-12-03,1.787,1.751,1.793,1.744,861143.000
2025-12-04,1.768,1.768,1.777,1.744,1092048.000
2025-12-05,1.768,1.778,1.781,1.748,897478.000
2025-12-08,1.776,1.819,1.822,1.776,957244.000
2025-12-09,1.812,1.794,1.815,1.785,742242.000
2025-12-10,1.798,1.802,1.809,1.770,740224.000
2025-12-11,1.806,1.79,1.828,1.787,795884.000
2025-12-12,1.790,1.781,1.801,1.753,987413.000
2025-12-15,1.760,1.744,1.781,1.738,1342245.000
2025-12-16,1.738,1.716,1.748,1.700,1320927.000
2025-12-17,1.716,1.769,1.773,1.716,983101.000
2025-12-18,1.759,1.737,1.776,1.736,1168537.000
2025-12-19,1.740,1.756,1.765,1.735,831983.000
2025-12-22,1.765,1.785,1.792,1.756,1091291.000
2025-12-23,1.782,1.818,1.835,1.782,1197755.000
2025-12-24,1.819,1.833,1.840,1.817,1049487.000
2025-12-25,1.826,1.84,1.846,1.810,856442.000
2025-12-26,1.856,1.882,1.900,1.855,1394494.000
2025-12-29,1.882,1.849,1.889,1.843,1685518.000
2025-12-30,1.834,1.881,1.890,1.817,1430116.000
2025-12-31,1.883,1.87,1.890,1.859,984087.000
2026-01-05,1.878,1.914,1.917,1.869,1171375.000
2026-01-06,1.923,1.949,1.957,1.922,1424535.000
2026-01-07,1.949,1.94,1.972,1.922,990767.000
2026-01-08,1.922,1.915,1.952,1.898,1180711.000
2026-01-09,1.906,1.93,1.950,1.898,958180.000
2026-01-12,1.930,1.935,1.950,1.894,716472.000
2026-01-13,1.937,1.93,1.973,1.920,1195657.000
2026-01-14,1.918,1.907,1.966,1.888,1387965.000
2026-01-15,1.896,1.942,1.960,1.896,992970.000
2026-01-16,1.946,1.947,1.969,1.937,1190030.000
2026-01-19,1.944,1.939,1.960,1.930,784751.000
2026-01-20,1.945,1.912,1.959,1.896,975665.000
2026-01-21,1.907,1.941,1.956,1.902,1155811.000
2026-01-22,1.949,1.922,1.973,1.913,1293219.000
2026-01-23,1.922,1.969,1.972,1.922,1373650.000
2026-01-26,1.985,1.94,1.993,1.934,976904.000
2026-01-27,1.929,1.909,1.949,1.864,1018385.000
2026-01-28,1.907,1.902,1.908,1.870,1214545.000
2026-01-29,1.900,1.869,1.903,1.866,1007638.000
2026-01-30,1.865,1.833,1.865,1.791,1232351.000
2026-02-02,1.810,1.789,1.840,1.786,1144267.000
2026-02-03,1.800,1.83,1.830,1.790,1113893.000
2026-02-04,1.827,1.848,1.850,1.814,1150653.000
2026-02-05,1.823,1.808,1.837,1.795,1003055.000
2026-02-06,1.790,1.838,1.858,1.775,1134870.000
2026-02-09,1.853,1.86,1.862,1.839,940124.000
2026-02-10,1.856,1.852,1.859,1.844,760633.000
2026-02-11,1.854,1.875,1.882,1.847,796110.000
2026-02-12,1.878,1.895,1.897,1.871,828151.000
2026-02-13,1.877,1.878,1.899,1.868,844826.000
2026-02-24,1.902,1.894,1.908,1.886,986699.000
2026-02-25,1.891,1.93,1.944,1.889,1206771.000
2026-02-26,1.942,1.897,1.943,1.892,1034137.000
2026-02-27,1.883,1.898,1.901,1.881,762171.000
2026-03-02,1.882,1.879,1.897,1.853,1102780.000
2026-03-03,1.876,1.815,1.891,1.812,1187999.000
2026-03-04,1.800,1.807,1.830,1.793,1101962.000
2026-03-05,1.828,1.822,1.839,1.808,950992.000
2026-03-06,1.823,1.821,1.835,1.807,752866.000
2026-03-09,1.807,1.835,1.842,1.763,1260041.000
2026-03-10,1.848,1.865,1.877,1.848,945059.000
2026-03-11,1.871,1.914,1.928,1.860,1442759.000
2026-03-12,1.906,1.907,1.916,1.886,1018101.000
2026-03-13,1.902,1.915,1.951,1.894,1134718.000
2026-03-16,1.899,1.913,1.920,1.881,1176600.000
2026-03-17,1.913,1.873,1.930,1.871,949935.000
2026-03-18,1.864,1.853,1.879,1.829,1052480.000
2026-03-19,1.830,1.799,1.845,1.790,1181014.000
2026-03-20,1.795,1.825,1.877,1.795,1324560.000
2026-03-23,1.806,1.796,1.860,1.785,3786985.000
2026-03-24,1.822,1.807,1.823,1.744,1704392.000
2026-03-25,1.811,1.84,1.847,1.807,1263778.000
2026-03-26,1.840,1.852,1.888,1.828,1164016.000
2026-03-27,1.837,1.907,1.918,1.835,1662966.000
2026-03-30,1.895,1.903,1.914,1.867,1831629.000
2026-03-31,1.894,1.846,1.901,1.846,1548149.000
2026-04-01,1.861,1.857,1.873,1.838,1053553.000
2026-04-02,1.841,1.833,1.873,1.820,1457989.000
2026-04-03,1.821,1.795,1.843,1.790,1033949.000
2026-04-07,1.790,1.796,1.819,1.780,1111251.000
2026-04-08,1.823,1.865,1.865,1.822,1822593.000
2026-04-09,1.861,1.856,1.878,1.834,1207315.000
2026-04-10,1.859,1.922,1.936,1.859,1691923.000
2026-04-13,1.920,1.956,1.966,1.916,1553267.000
2026-04-14,1.964,2.005,2.006,1.945,3065438.000
2026-04-15,2.016,1.966,2.016,1.958,1570998.000
2026-04-16,1.975,2.025,2.040,1.975,1425695.000
2026-04-17,2.025,2.02,2.040,2.009,1230864.000
2026-04-20,2.018,2.012,2.022,1.990,1283756.000
2026-04-21,2.018,2.043,2.049,1.990,1757317.000
2026-04-22,2.031,2.047,2.066,2.030,1441744.000
2026-04-23,2.047,2.004,2.049,1.988,3271917.000
2026-04-24,1.992,2.059,2.076,1.992,1908050.000
2026-04-27,2.062,2.076,2.085,2.057,2019329.000
2026-04-28,2.061,2.032,2.066,2.023,1825391.000
2026-04-29,2.012,2.135,2.140,2.012,2028513.000
2026-04-30,2.128,2.132,2.154,2.117,2045722.000
2026-05-06,2.155,2.202,2.207,2.134,1763002.000
2026-05-07,2.206,2.182,2.206,2.154,1620363.000
2026-05-08,2.158,2.132,2.202,2.130,1712224.000
2026-05-11,2.131,2.14,2.151,2.110,2293144.000
2026-05-12,2.143,2.102,2.145,2.080,1756484.000
2026-05-13,2.090,2.103,2.107,2.076,1836410.000
2026-05-14,2.104,2.037,2.109,2.036,2013927.000
2026-05-15,2.031,2.034,2.074,2.020,3015777.000
2026-05-18,2.020,2.033,2.054,2.003,1267964.000
2026-05-19,2.022,2.026,2.031,1.986,1192173.000
2026-05-20,2.010,2.057,2.074,2.000,1200294.000
2026-05-21,2.075,2.026,2.103,2.021,1259135.000
2026-05-22,2.020,2.055,2.060,2.005,1227514.000
2026-05-25,2.066,2.018,2.068,2.001,1684912.000
2026-05-26,2.013,2.021,2.043,2.000,1769015.000
2026-05-27,2.021,2.002,2.059,1.988,1628960.000
2026-05-28,2.002,1.994,2.013,1.950,1019412.000
2026-05-29,1.993,1.947,2.008,1.935,1679079.000
2026-06-01,1.934,1.933,1.978,1.930,1148130.000
2026-06-02,1.948,1.944,1.955,1.899,1385185.000
2026-06-03,1.939,1.922,1.951,1.904,1450736.000
2026-06-04,1.904,1.884,1.909,1.878,5131451.000
2026-06-05,1.884,1.868,1.905,1.840,1509020.000
2026-06-08,1.844,1.82,1.859,1.792,1282552.000
2026-06-09,1.825,1.87,1.877,1.804,1340465.000
2026-06-10,1.855,1.827,1.863,1.808,990972.000
2026-06-11,1.813,1.835,1.858,1.804,1085948.000
2026-06-12,1.845,1.868,1.898,1.842,1060627.000
2026-06-15,1.884,1.911,1.912,1.880,1139234.000
2026-06-16,1.917,1.952,1.965,1.910,989096.000
2026-06-17,1.946,1.943,1.956,1.920,757641.000
2026-06-18,1.934,1.925,1.947,1.906,974071.000
2026-06-22,1.907,1.973,1.976,1.881,1102328.000
2026-06-23,1.970,1.882,1.970,1.875,1004000.000
2026-06-24,1.880,1.911,1.928,1.849,1020653.000
2026-06-25,1.893,1.889,1.916,1.876,972644.000
2026-06-26,1.872,1.776,1.889,1.773,955169.000
2026-06-29,1.775,1.798,1.810,1.746,988512.000
2026-06-30,1.784,1.85,1.854,1.784,924216.000
2026-07-01,1.850,1.871,1.899,1.825,970397.000
2026-07-02,1.854,1.855,1.902,1.846,1015964.000
2026-07-03,1.855,1.882,1.894,1.855,829353.000
2026-07-06,1.881,1.832,1.897,1.831,959272.000
2026-07-07,1.830,1.816,1.867,1.808,811753.000
2026-07-08,1.810,1.72,1.815,1.719,982406.000
2026-07-09,1.706,1.714,1.723,1.647,1274353.000
2026-07-10,1.710,1.671,1.717,1.670,946239.000
2026-07-13,1.652,1.6,1.652,1.595,906957.000
2026-07-14,1.596,1.63,1.631,1.574,979974.000
2026-07-15,1.631,1.621,1.656,1.618,772882.000
2026-07-16,1.602,1.601,1.625,1.589,903855.000
2026-07-17,1.595,1.553,1.610,1.540,1015036.000
2026-07-20,1.566,1.517,1.568,1.485,963108.000
2026-07-21,1.520,1.579,1.582,1.517,903678.000
2026-07-22,1.579,1.552,1.579,1.537,903927.000
2026-07-23,1.551,1.608,1.609,1.542,900392.000
2026-07-24,1.582,1.562,1.600,1.561,726976.000
2026-07-27,1.578,1.606,1.609,1.573,1114917.000
2026-07-28,1.587,1.578,1.607,1.571,853260.000
2026-07-29,1.570,1.605,1.620,1.546,908251.000
2026-07-30,1.591,1.603,1.624,1.584,768600.000
2026-07-31,1.610,1.619,1.642,1.610,875166.000
2026-08-03,1.608,1.614,1.624,1.597,752059.000
