date,close,pct
1990-01-01,1000.0,0.0
2013-12-31,1000.0,0.0
2014-01-02,997.17,-0.28
2014-01-03,983.88,-1.33
2014-01-06,954.21,-3.02
2014-01-07,953.04,-0.12
2014-01-08,951.02,-0.21
2014-01-09,939.02,-1.26
2014-01-10,936.17,-0.3
2014-01-13,934.45,-0.18
2014-01-14,947.29,1.37
2014-01-15,947.57,0.03
2014-01-16,952.23,0.49
2014-01-17,940.85,-1.2
2014-01-20,934.08,-0.72
2014-01-21,947.03,1.39
2014-01-22,969.09,2.33
2014-01-23,970.78,0.17
2014-01-24,978.73,0.82
2014-01-27,970.28,-0.86
2014-01-28,968.21,-0.21
2014-01-29,975.14,0.72
2014-01-30,967.51,-0.78
2014-02-07,975.51,0.83
2014-02-10,997.44,2.25
2014-02-11,1001.92,0.45
2014-02-12,1004.3,0.24
2014-02-13,994.62,-0.96
2014-02-14,1008.69,1.42
2014-02-17,1015.52,0.68
2014-02-18,1007.81,-0.76
2014-02-19,1014.53,0.67
2014-02-20,1012.22,-0.23
2014-02-21,996.38,-1.56
2014-02-24,976.19,-2.03
2014-02-25,954.34,-2.24
2014-02-26,958.82,0.47
2014-02-27,959.99,0.12
2014-02-28,970.77,1.12
2014-03-03,987.66,1.74
2014-03-04,978.48,-0.93
2014-03-05,973.03,-0.56
2014-03-06,968.73,-0.44
2014-03-07,962.34,-0.66
2014-03-10,930.1,-3.35
2014-03-11,930.98,0.1
2014-03-12,932.37,0.15
2014-03-13,943.92,1.24
2014-03-14,936.27,-0.81
2014-03-17,948.85,1.34
2014-03-18,955.54,0.7
2014-03-19,955.43,-0.01
2014-03-20,938.09,-1.81
2014-03-21,965.22,2.89
2014-03-24,974.66,0.98
2014-03-25,985.4,1.1
2014-03-26,980.82,-0.46
2014-03-27,971.76,-0.92
2014-03-28,971.13,-0.07
2014-03-31,969.87,-0.13
2014-04-01,978.17,0.86
2014-04-02,988.48,1.05
2014-04-03,978.4,-1.02
2014-04-04,986.6,0.84
2014-04-08,1003.04,1.67
2014-04-09,1004.9,0.19
2014-04-10,1022.58,1.76
2014-04-11,1022.44,-0.01
2014-04-14,1022.14,-0.03
2014-04-15,1008.39,-1.34
2014-04-16,1010.27,0.19
2014-04-17,1006.24,-0.4
2014-04-18,1004.41,-0.18
2014-04-21,988.7,-1.56
2014-04-22,989.65,0.1
2014-04-23,991.53,0.19
2014-04-24,985.21,-0.64
2014-04-25,976.0,-0.94
2014-04-28,960.42,-1.6
2014-04-29,972.53,1.26
2014-04-30,975.85,0.34
2014-05-05,979.15,0.34
2014-05-06,979.36,0.02
2014-05-07,969.71,-0.99
2014-05-08,970.12,0.04
2014-05-09,964.93,-0.54
2014-05-12,989.72,2.57
2014-05-13,987.13,-0.26
2014-05-14,985.3,-0.19
2014-05-15,973.48,-1.2
2014-05-16,978.99,0.57
2014-05-19,974.72,-0.44
2014-05-20,971.01,-0.38
2014-05-21,978.9,0.81
2014-05-22,977.03,-0.19
2014-05-23,982.86,0.6
2014-05-26,984.39,0.16
2014-05-27,979.44,-0.5
2014-05-28,985.25,0.59
2014-05-29,979.86,-0.55
2014-05-30,983.45,0.37
2014-06-03,983.5,0.01
2014-06-04,973.04,-1.06
2014-06-05,981.97,0.92
2014-06-06,976.0,-0.61
2014-06-09,976.58,0.06
2014-06-10,985.6,0.92
2014-06-11,986.65,0.11
2014-06-12,981.02,-0.57
2014-06-13,987.6,0.67
2014-06-16,994.7,0.72
2014-06-17,981.78,-1.3
2014-06-18,973.22,-0.87
2014-06-19,959.01,-1.46
2014-06-20,963.62,0.48
2014-06-23,955.63,-0.83
2014-06-24,960.87,0.55
2014-06-25,957.14,-0.39
2014-06-26,966.28,0.96
2014-06-27,972.82,0.68
2014-06-30,981.36,0.88
2014-07-01,980.96,-0.04
2014-07-02,988.9,0.81
2014-07-03,1000.36,1.16
2014-07-04,999.32,-0.1
2014-07-07,997.22,-0.21
2014-07-08,1003.49,0.63
2014-07-09,991.52,-1.19
2014-07-10,994.81,0.33
2014-07-11,997.99,0.32
2014-07-14,1018.08,2.01
2014-07-15,1018.08,0.0
2014-07-16,1020.15,0.2
2014-07-17,1018.52,-0.16
2014-07-18,1014.49,-0.4
2014-07-21,1016.67,0.22
2014-07-22,1027.38,1.05
2014-07-23,1032.73,0.52
2014-07-24,1045.41,1.23
2014-07-25,1052.26,0.66
2014-07-28,1069.54,1.64
2014-07-29,1070.7,0.11
2014-07-30,1062.0,-0.81
2014-07-31,1071.94,0.94
2014-08-01,1070.31,-0.15
2014-08-04,1090.17,1.86
2014-08-05,1093.66,0.32
2014-08-06,1091.49,-0.2
2014-08-07,1074.92,-1.52
2014-08-08,1073.45,-0.14
2014-08-11,1089.88,1.53
2014-08-12,1088.25,-0.15
2014-08-13,1089.26,0.09
2014-08-14,1083.66,-0.51
2014-08-15,1093.31,0.89
2014-08-18,1104.69,1.04
2014-08-19,1101.73,-0.27
2014-08-20,1102.31,0.05
2014-08-21,1097.44,-0.44
2014-08-22,1107.9,0.95
2014-08-25,1102.93,-0.45
2014-08-26,1097.85,-0.46
2014-08-27,1099.9,0.19
2014-08-28,1091.3,-0.78
2014-08-29,1106.01,1.35
2014-09-01,1118.71,1.15
2014-09-02,1132.93,1.27
2014-09-03,1142.09,0.81
2014-09-04,1151.96,0.86
2014-09-05,1168.48,1.43
2014-09-09,1167.67,-0.07
2014-09-10,1162.14,-0.47
2014-09-11,1160.38,-0.15
2014-09-12,1168.49,0.7
2014-09-15,1174.82,0.54
2014-09-16,1146.29,-2.43
2014-09-17,1149.9,0.32
2014-09-18,1153.5,0.31
2014-09-19,1161.37,0.68
2014-09-22,1142.18,-1.65
2014-09-23,1154.34,1.07
2014-09-24,1167.85,1.17
2014-09-25,1169.96,0.18
2014-09-26,1171.08,0.1
2014-09-29,1177.07,0.51
2014-09-30,1177.75,0.06
2014-10-08,1185.92,0.69
2014-10-09,1188.76,0.24
2014-10-10,1177.14,-0.98
2014-10-13,1168.68,-0.72
2014-10-14,1167.93,-0.06
2014-10-15,1170.85,0.25
2014-10-16,1158.35,-1.07
2014-10-17,1150.58,-0.67
2014-10-20,1161.82,0.98
2014-10-21,1158.1,-0.32
2014-10-22,1153.4,-0.41
2014-10-23,1136.92,-1.43
2014-10-24,1137.67,0.07
2014-10-27,1131.33,-0.56
2014-10-28,1154.78,2.07
2014-10-29,1174.25,1.69
2014-10-30,1192.49,1.55
2014-10-31,1200.44,0.67
2014-11-03,1209.51,0.76
2014-11-04,1210.06,0.05
2014-11-05,1210.83,0.06
2014-11-06,1211.39,0.05
2014-11-07,1203.63,-0.64
2014-11-10,1233.43,2.48
2014-11-11,1213.65,-1.6
2014-11-12,1238.72,2.07
2014-11-13,1233.12,-0.45
2014-11-14,1233.85,0.06
2014-11-17,1237.64,0.31
2014-11-18,1228.63,-0.73
2014-11-19,1224.87,-0.31
2014-11-20,1223.46,-0.12
2014-11-21,1238.07,1.19
2014-11-24,1261.41,1.89
2014-11-25,1281.63,1.6
2014-11-26,1283.79,0.17
2014-11-27,1287.45,0.29
2014-11-28,1291.05,0.28
2014-12-01,1290.53,-0.04
2014-12-02,1312.93,1.74
2014-12-03,1331.7,1.43
2014-12-04,1370.44,2.91
2014-12-05,1343.18,-1.99
2014-12-08,1394.25,3.8
2014-12-09,1357.36,-2.65
2014-12-10,1423.07,4.84
2014-12-11,1431.04,0.56
2014-12-12,1435.83,0.34
2014-12-15,1442.04,0.43
2014-12-16,1453.94,0.83
2014-12-17,1450.78,-0.22
2014-12-18,1459.07,0.57
2014-12-19,1505.29,3.17
2014-12-22,1525.87,1.37
2014-12-23,1453.42,-4.75
2014-12-24,1429.71,-1.63
2014-12-25,1471.07,2.89
2014-12-26,1497.03,1.76
2014-12-29,1504.9,0.53
2014-12-30,1490.37,-0.97
2014-12-31,1522.66,2.17
2015-01-05,1598.86,5.0
2015-01-06,1603.43,0.29
2015-01-07,1603.24,-0.01
2015-01-08,1565.65,-2.34
2015-01-09,1541.71,-1.53
2015-01-12,1505.8,-2.33
2015-01-13,1510.69,0.32
2015-01-14,1502.27,-0.56
2015-01-15,1539.86,2.5
2015-01-16,1547.03,0.47
2015-01-19,1425.13,-7.88
2015-01-20,1455.67,2.14
2015-01-21,1503.51,3.29
2015-01-22,1515.91,0.83
2015-01-23,1520.9,0.33
2015-01-26,1553.07,2.11
2015-01-27,1535.41,-1.14
2015-01-28,1519.42,-1.04
2015-01-29,1517.49,-0.13
2015-01-30,1495.36,-1.46
2015-02-02,1463.15,-2.15
2015-02-03,1490.67,1.88
2015-02-04,1483.62,-0.47
2015-02-05,1452.68,-2.09
2015-02-06,1411.3,-2.85
2015-02-09,1406.74,-0.32
2015-02-10,1434.81,2.0
2015-02-11,1437.03,0.15
2015-02-12,1453.23,1.13
2015-02-13,1467.88,1.01
2015-02-16,1482.85,1.02
2015-02-17,1498.99,1.09
2015-02-25,1488.11,-0.73
2015-02-26,1521.34,2.23
2015-02-27,1526.51,0.34
2015-03-02,1546.16,1.29
2015-03-03,1506.8,-2.55
2015-03-04,1518.59,0.78
2015-03-05,1497.63,-1.38
2015-03-06,1494.42,-0.21
2015-03-09,1513.91,1.3
2015-03-10,1516.23,0.15
2015-03-11,1517.29,0.07
2015-03-12,1546.14,1.9
2015-03-13,1562.75,1.07
2015-03-16,1601.14,2.46
2015-03-17,1626.03,1.55
2015-03-18,1662.6,2.25
2015-03-19,1664.0,0.08
2015-03-20,1667.26,0.2
2015-03-23,1699.23,1.92
2015-03-24,1710.68,0.67
2015-03-25,1700.48,-0.6
2015-03-26,1696.76,-0.22
2015-03-27,1694.73,-0.12
2015-03-30,1746.53,3.06
2015-03-31,1730.83,-0.9
2015-04-01,1762.1,1.81
2015-04-02,1774.68,0.71
2015-04-03,1806.28,1.78
2015-04-07,1849.03,2.37
2015-04-08,1835.91,-0.71
2015-04-09,1800.98,-1.9
2015-04-10,1834.24,1.85
2015-04-13,1886.59,2.85
2015-04-14,1907.56,1.11
2015-04-15,1860.13,-2.49
2015-04-16,1907.28,2.53
2015-04-17,1954.43,2.47
2015-04-20,1948.56,-0.3
2015-04-21,2003.44,2.82
2015-04-22,2061.43,2.89
2015-04-23,2089.99,1.39
2015-04-24,2066.68,-1.12
2015-04-27,2131.97,3.16
2015-04-28,2098.25,-1.58
2015-04-29,2093.15,-0.24
2015-04-30,2094.77,0.08
2015-05-04,2187.08,4.41
2015-05-05,2065.12,-5.58
2015-05-06,2006.42,-2.84
2015-05-07,1928.66,-3.88
2015-05-08,1980.57,2.69
2015-05-11,2046.17,3.31
2015-05-12,2080.49,1.68
2015-05-13,2069.81,-0.51
2015-05-14,2064.34,-0.26
2015-05-15,2010.81,-2.59
2015-05-18,1993.62,-0.85
2015-05-19,2060.8,3.37
2015-05-20,2076.97,0.78
2015-05-21,2130.73,2.59
2015-05-22,2187.24,2.65
2015-05-25,2252.52,2.98
2015-05-26,2293.8,1.83
2015-05-27,2306.25,0.54
2015-05-28,2157.5,-6.45
2015-05-29,2151.95,-0.26
2015-06-01,2276.55,5.79
2015-06-02,2329.01,2.3
2015-06-03,2323.04,-0.26
2015-06-04,2330.79,0.33
2015-06-05,2394.46,2.73
2015-06-08,2441.25,1.95
2015-06-09,2470.82,1.21
2015-06-10,2456.07,-0.6
2015-06-11,2462.01,0.24
2015-06-12,2511.53,2.01
2015-06-15,2486.49,-1.0
2015-06-16,2399.12,-3.51
2015-06-17,2468.89,2.91
2015-06-18,2414.19,-2.22
2015-06-19,2267.05,-6.09
2015-06-23,2357.45,3.99
2015-06-24,2454.01,4.1
2015-06-25,2394.68,-2.42
2015-06-26,2227.43,-6.98
2015-06-29,2221.41,-0.27
2015-06-30,2329.16,4.85
2015-07-01,2215.33,-4.89
2015-07-02,2101.4,-5.14
2015-07-03,1963.79,-6.55
2015-07-06,1990.16,1.34
2015-07-07,1947.49,-2.14
2015-07-08,1832.06,-5.93
2015-07-09,1964.14,7.21
2015-07-10,2098.38,6.83
2015-07-13,2175.57,3.68
2015-07-14,2089.3,-3.97
2015-07-15,1997.22,-4.41
2015-07-16,2023.27,1.3
2015-07-17,2089.72,3.28
2015-07-20,2076.89,-0.61
2015-07-21,2098.57,1.04
2015-07-22,2095.13,-0.16
2015-07-23,2136.97,2.0
2015-07-24,2102.7,-1.6
2015-07-27,1942.02,-7.64
2015-07-28,1941.19,-0.04
2015-07-29,2007.68,3.43
2015-07-30,1939.69,-3.39
2015-07-31,1938.45,-0.06
2015-08-03,1957.23,0.97
2015-08-04,2013.66,2.88
2015-08-05,1978.81,-1.73
2015-08-06,1958.02,-1.05
2015-08-07,1991.78,1.72
2015-08-10,2088.15,4.84
2015-08-11,2083.99,-0.2
2015-08-12,2069.93,-0.67
2015-08-13,2101.69,1.53
2015-08-14,2094.85,-0.33
2015-08-17,2117.47,1.08
2015-08-18,1966.62,-7.12
2015-08-19,2004.97,1.95
2015-08-20,1943.19,-3.08
2015-08-21,1859.15,-4.33
2015-08-24,1704.72,-8.31
2015-08-25,1591.44,-6.65
2015-08-26,1574.62,-1.06
2015-08-27,1637.01,3.96
2015-08-28,1720.7,5.11
2015-08-31,1714.46,-0.36
2015-09-01,1697.9,-0.97
2015-09-02,1711.91,0.83
2015-09-07,1658.35,-3.13
2015-09-08,1692.6,2.06
2015-09-09,1722.56,1.77
2015-09-10,1690.55,-1.86
2015-09-11,1681.95,-0.51
2015-09-14,1628.15,-3.2
2015-09-15,1556.25,-4.42
2015-09-16,1651.19,6.1
2015-09-17,1603.1,-2.91
2015-09-18,1605.9,0.17
2015-09-21,1632.01,1.63
2015-09-22,1644.26,0.75
2015-09-23,1599.2,-2.74
2015-09-24,1610.13,0.68
2015-09-25,1574.12,-2.24
2015-09-28,1582.16,0.51
2015-09-29,1548.49,-2.13
2015-09-30,1559.01,0.68
2015-10-08,1614.15,3.54
2015-10-09,1627.73,0.84
2015-10-12,1690.34,3.85
2015-10-13,1692.35,0.12
2015-10-14,1667.18,-1.49
2015-10-15,1705.51,2.3
2015-10-16,1731.84,1.54
2015-10-19,1731.12,-0.04
2015-10-20,1745.14,0.81
2015-10-21,1668.72,-4.38
2015-10-22,1709.56,2.45
2015-10-23,1731.36,1.28
2015-10-26,1736.43,0.29
2015-10-27,1730.97,-0.31
2015-10-28,1706.42,-1.42
2015-10-29,1717.93,0.67
2015-10-30,1711.64,-0.37
2015-11-02,1687.99,-1.38
2015-11-03,1684.67,-0.2
2015-11-04,1756.45,4.26
2015-11-05,1794.62,2.17
2015-11-06,1820.52,1.44
2015-11-09,1846.82,1.44
2015-11-10,1837.76,-0.49
2015-11-11,1838.06,0.02
2015-11-12,1822.16,-0.86
2015-11-13,1802.72,-1.07
2015-11-16,1799.51,-0.18
2015-11-17,1801.75,0.12
2015-11-18,1777.72,-1.33
2015-11-19,1801.24,1.32
2015-11-20,1801.13,-0.01
2015-11-23,1788.7,-0.69
2015-11-24,1787.74,-0.05
2015-11-25,1801.8,0.79
2015-11-26,1798.06,-0.21
2015-11-27,1701.24,-5.38
2015-11-30,1701.46,0.01
2015-12-01,1719.36,1.05
2015-12-02,1777.81,3.4
2015-12-03,1783.72,0.33
2015-12-04,1759.98,-1.33
2015-12-07,1763.88,0.22
2015-12-08,1727.75,-2.05
2015-12-09,1727.95,0.01
2015-12-10,1722.05,-0.34
2015-12-11,1718.17,-0.22
2015-12-14,1759.73,2.42
2015-12-15,1751.01,-0.5
2015-12-16,1749.51,-0.09
2015-12-17,1781.03,1.8
2015-12-18,1790.44,0.53
2015-12-21,1849.44,3.3
2015-12-22,1855.04,0.3
2015-12-23,1848.09,-0.37
2015-12-24,1823.44,-1.33
2015-12-25,1828.41,0.27
2015-12-28,1784.33,-2.41
2015-12-29,1803.78,1.09
2015-12-30,1801.82,-0.11
2015-12-31,1784.93,-0.94
2016-01-04,1662.37,-6.87
2016-01-05,1667.05,0.28
2016-01-06,1714.17,2.83
2016-01-07,1602.64,-6.51
2016-01-08,1654.26,3.22
2016-01-11,1583.19,-4.3
2016-01-12,1587.38,0.27
2016-01-13,1557.93,-1.86
2016-01-14,1581.63,1.52
2016-01-15,1506.39,-4.76
2016-01-18,1508.76,0.16
2016-01-19,1554.68,3.04
2016-01-20,1551.21,-0.22
2016-01-21,1499.92,-3.31
2016-01-22,1517.27,1.16
2016-01-25,1525.43,0.54
2016-01-26,1435.48,-5.9
2016-01-27,1423.22,-0.85
2016-01-28,1381.08,-2.96
2016-01-29,1418.04,2.68
2016-02-01,1397.33,-1.46
2016-02-02,1425.16,1.99
2016-02-03,1421.02,-0.29
2016-02-04,1439.74,1.32
2016-02-05,1434.33,-0.38
2016-02-15,1424.89,-0.66
2016-02-16,1466.04,2.89
2016-02-17,1477.6,0.79
2016-02-18,1475.31,-0.16
2016-02-19,1469.22,-0.41
2016-02-22,1501.01,2.16
2016-02-23,1496.18,-0.32
2016-02-24,1511.47,1.02
2016-02-25,1419.17,-6.11
2016-02-26,1442.52,1.65
2016-02-29,1406.21,-2.52
2016-03-01,1426.66,1.45
2016-03-02,1482.93,3.94
2016-03-03,1484.38,0.1
2016-03-04,1493.76,0.63
2016-03-07,1506.38,0.85
2016-03-08,1502.54,-0.25
2016-03-09,1478.61,-1.59
2016-03-10,1457.7,-1.41
2016-03-11,1459.89,0.15
2016-03-14,1490.49,2.1
2016-03-15,1502.41,0.8
2016-03-16,1502.38,0.0
2016-03-17,1519.6,1.15
2016-03-18,1536.6,1.12
2016-03-21,1560.92,1.58
2016-03-22,1555.12,-0.37
2016-03-23,1553.61,-0.1
2016-03-24,1532.08,-1.39
2016-03-25,1541.59,0.62
2016-03-28,1539.63,-0.13
2016-03-29,1523.37,-1.06
2016-03-30,1560.32,2.43
2016-03-31,1567.93,0.49
2016-04-01,1577.8,0.63
2016-04-05,1597.44,1.24
2016-04-06,1593.27,-0.26
2016-04-07,1570.97,-1.4
2016-04-08,1557.75,-0.84
2016-04-11,1575.52,1.14
2016-04-12,1564.83,-0.68
2016-04-13,1586.61,1.39
2016-04-14,1594.67,0.51
2016-04-15,1588.82,-0.37
2016-04-18,1570.96,-1.12
2016-04-19,1575.01,0.26
2016-04-20,1541.91,-2.1
2016-04-21,1524.52,-1.13
2016-04-22,1528.52,0.26
2016-04-25,1526.03,-0.16
2016-04-26,1533.13,0.47
2016-04-27,1531.1,-0.13
2016-04-28,1525.01,-0.4
2016-04-29,1522.61,-0.16
2016-05-03,1551.27,1.88
2016-05-04,1566.45,0.98
2016-05-05,1573.4,0.44
2016-05-06,1540.75,-2.08
2016-05-09,1510.87,-1.94
2016-05-10,1516.14,0.35
2016-05-11,1539.28,1.53
2016-05-12,1546.44,0.47
2016-05-13,1533.24,-0.85
2016-05-16,1545.27,0.78
2016-05-17,1531.09,-0.92
2016-05-18,1515.01,-1.05
2016-05-19,1511.12,-0.26
2016-05-20,1519.33,0.54
2016-05-23,1528.05,0.57
2016-05-24,1517.7,-0.68
2016-05-25,1504.58,-0.86
2016-05-26,1502.93,-0.11
2016-05-27,1505.28,0.16
2016-05-30,1499.44,-0.39
2016-05-31,1541.56,2.81
2016-06-01,1540.76,-0.05
2016-06-02,1551.52,0.7
2016-06-03,1559.98,0.54
2016-06-06,1561.66,0.11
2016-06-07,1561.05,-0.04
2016-06-08,1551.35,-0.62
2016-06-13,1510.4,-2.64
2016-06-14,1513.94,0.23
2016-06-15,1533.43,1.29
2016-06-16,1522.34,-0.72
2016-06-17,1535.57,0.87
2016-06-20,1538.71,0.2
2016-06-21,1533.04,-0.37
2016-06-22,1545.79,0.83
2016-06-23,1534.2,-0.75
2016-06-24,1514.96,-1.25
2016-06-27,1538.81,1.57
2016-06-28,1540.78,0.13
2016-06-29,1544.68,0.25
2016-06-30,1548.94,0.28
2016-07-01,1550.26,0.09
2016-07-04,1575.84,1.65
2016-07-05,1588.41,0.8
2016-07-06,1597.89,0.6
2016-07-07,1589.97,-0.5
2016-07-08,1574.93,-0.95
2016-07-11,1589.57,0.93
2016-07-12,1649.14,3.75
2016-07-13,1647.98,-0.07
2016-07-14,1642.56,-0.33
2016-07-15,1656.03,0.82
2016-07-18,1648.97,-0.43
2016-07-19,1633.84,-0.92
2016-07-20,1629.11,-0.29
2016-07-21,1637.75,0.53
2016-07-22,1617.22,-1.25
2016-07-25,1617.85,0.04
2016-07-26,1644.41,1.64
2016-07-27,1627.99,-1.0
2016-07-28,1652.07,1.48
2016-07-29,1645.58,-0.39
2016-08-01,1637.58,-0.49
2016-08-02,1639.09,0.09
2016-08-03,1648.51,0.57
2016-08-04,1641.05,-0.45
2016-08-05,1635.64,-0.33
2016-08-08,1648.51,0.79
2016-08-09,1659.1,0.64
2016-08-10,1651.3,-0.47
2016-08-11,1642.03,-0.56
2016-08-12,1657.12,0.92
2016-08-15,1691.12,2.05
2016-08-16,1685.95,-0.31
2016-08-17,1685.12,-0.05
2016-08-18,1675.75,-0.56
2016-08-19,1670.95,-0.29
2016-08-22,1659.21,-0.7
2016-08-23,1659.81,0.04
2016-08-24,1655.67,-0.25
2016-08-25,1648.49,-0.43
2016-08-26,1648.84,0.02
2016-08-29,1646.08,-0.17
2016-08-30,1641.53,-0.28
2016-08-31,1645.84,0.26
2016-09-01,1638.94,-0.42
2016-09-02,1651.96,0.79
2016-09-05,1665.28,0.81
2016-09-06,1680.21,0.9
2016-09-07,1675.39,-0.29
2016-09-08,1675.26,-0.01
2016-09-09,1666.31,-0.53
2016-09-12,1643.49,-1.37
2016-09-13,1643.54,0.0
2016-09-14,1627.45,-0.98
2016-09-19,1643.38,0.98
2016-09-20,1639.36,-0.24
2016-09-21,1637.07,-0.14
2016-09-22,1648.7,0.71
2016-09-23,1644.44,-0.26
2016-09-26,1617.99,-1.61
2016-09-27,1627.16,0.57
2016-09-28,1623.77,-0.21
2016-09-29,1631.26,0.46
2016-09-30,1638.53,0.45
2016-10-10,1655.79,1.05
2016-10-11,1662.87,0.43
2016-10-12,1659.35,-0.21
2016-10-13,1654.02,-0.32
2016-10-14,1660.77,0.41
2016-10-17,1648.39,-0.75
2016-10-18,1667.42,1.15
2016-10-19,1666.84,-0.03
2016-10-20,1667.04,0.01
2016-10-21,1670.34,0.2
2016-10-24,1700.67,1.82
2016-10-25,1708.07,0.43
2016-10-26,1698.82,-0.54
2016-10-27,1691.96,-0.4
2016-10-28,1687.07,-0.29
2016-10-31,1689.31,0.13
2016-11-01,1698.71,0.56
2016-11-02,1685.15,-0.8
2016-11-03,1691.02,0.35
2016-11-04,1688.55,-0.15
2016-11-07,1699.95,0.68
2016-11-08,1703.52,0.21
2016-11-09,1696.73,-0.4
2016-11-10,1712.32,0.92
2016-11-11,1722.53,0.6
2016-11-14,1725.92,0.2
2016-11-15,1723.13,-0.16
2016-11-16,1723.52,0.02
2016-11-17,1730.98,0.43
2016-11-18,1713.07,-1.03
2016-11-21,1724.72,0.68
2016-11-22,1742.19,1.01
2016-11-23,1748.88,0.38
2016-11-24,1764.46,0.89
2016-11-25,1774.17,0.55
2016-11-28,1799.75,1.44
2016-11-29,1814.92,0.84
2016-11-30,1790.33,-1.35
2016-12-01,1820.85,1.71
2016-12-02,1803.22,-0.97
2016-12-05,1764.91,-2.12
2016-12-06,1762.91,-0.11
2016-12-07,1771.71,0.5
2016-12-08,1769.37,-0.13
2016-12-09,1780.75,0.64
2016-12-12,1742.93,-2.12
2016-12-13,1750.17,0.42
2016-12-14,1739.04,-0.64
2016-12-15,1716.7,-1.28
2016-12-16,1726.4,0.57
2016-12-19,1721.55,-0.28
2016-12-20,1709.83,-0.68
2016-12-21,1730.89,1.23
2016-12-22,1731.66,0.04
2016-12-23,1713.07,-1.07
2016-12-26,1715.96,0.17
2016-12-27,1711.28,-0.27
2016-12-28,1704.06,-0.42
2016-12-29,1704.62,0.03
2016-12-30,1715.91,0.66
2017-01-03,1733.76,1.04
2017-01-04,1759.5,1.48
2017-01-05,1764.74,0.3
2017-01-06,1768.92,0.24
2017-01-09,1773.68,0.27
2017-01-10,1781.56,0.44
2017-01-11,1763.23,-1.03
2017-01-12,1755.98,-0.41
2017-01-13,1752.97,-0.17
2017-01-16,1753.82,0.05
2017-01-17,1767.08,0.76
2017-01-18,1781.14,0.8
2017-01-19,1770.43,-0.6
2017-01-20,1783.61,0.74
2017-01-23,1788.5,0.27
2017-01-24,1803.24,0.82
2017-01-25,1802.03,-0.07
2017-01-26,1802.11,0.0
2017-02-03,1792.93,-0.51
2017-02-06,1791.53,-0.08
2017-02-07,1786.33,-0.29
2017-02-08,1792.56,0.35
2017-02-09,1802.21,0.54
2017-02-10,1818.21,0.89
2017-02-13,1835.32,0.94
2017-02-14,1834.02,-0.07
2017-02-15,1827.99,-0.33
2017-02-16,1839.65,0.64
2017-02-17,1833.89,-0.31
2017-02-20,1870.56,2.0
2017-02-21,1869.61,-0.05
2017-02-22,1883.84,0.76
2017-02-23,1868.99,-0.79
2017-02-24,1860.24,-0.47
2017-02-27,1836.42,-1.28
2017-02-28,1842.52,0.33
2017-03-01,1848.28,0.31
2017-03-02,1839.37,-0.48
2017-03-03,1834.46,-0.27
2017-03-06,1849.2,0.8
2017-03-07,1854.51,0.29
2017-03-08,1852.19,-0.13
2017-03-09,1840.37,-0.64
2017-03-10,1843.38,0.16
2017-03-13,1855.19,0.64
2017-03-14,1854.26,-0.05
2017-03-15,1871.02,0.9
2017-03-16,1876.46,0.29
2017-03-17,1860.25,-0.86
2017-03-20,1890.75,1.64
2017-03-21,1929.96,2.07
2017-03-22,1926.29,-0.19
2017-03-23,1926.23,0.0
2017-03-24,1936.58,0.54
2017-03-27,1914.44,-1.14
2017-03-28,1911.77,-0.14
2017-03-29,1922.08,0.54
2017-03-30,1908.63,-0.7
2017-03-31,1920.91,0.64
2017-04-05,1939.29,0.96
2017-04-06,1947.17,0.41
2017-04-07,1952.47,0.27
2017-04-10,1949.71,-0.14
2017-04-11,1945.12,-0.24
2017-04-12,1937.67,-0.38
2017-04-13,1951.85,0.73
2017-04-14,1933.67,-0.93
2017-04-17,1936.31,0.14
2017-04-18,1945.09,0.45
2017-04-19,1938.67,-0.33
2017-04-20,1948.31,0.5
2017-04-21,1944.77,-0.18
2017-04-24,1921.16,-1.21
2017-04-25,1945.34,1.26
2017-04-26,1940.24,-0.26
2017-04-27,1946.9,0.34
2017-04-28,1932.66,-0.73
2017-05-02,1934.69,0.11
2017-05-03,1935.53,0.04
2017-05-04,1928.07,-0.39
2017-05-05,1920.1,-0.41
2017-05-08,1897.82,-1.16
2017-05-09,1899.39,0.08
2017-05-10,1884.53,-0.78
2017-05-11,1903.66,1.02
2017-05-12,1905.96,0.12
2017-05-15,1922.21,0.85
2017-05-16,1945.62,1.22
2017-05-17,1930.94,-0.75
2017-05-18,1924.34,-0.34
2017-05-19,1941.36,0.88
2017-05-22,1948.57,0.37
2017-05-23,1961.93,0.69
2017-05-24,1961.3,-0.03
2017-05-25,1977.11,0.81
2017-05-26,1983.58,0.33
2017-05-31,1985.03,0.07
2017-06-01,1994.51,0.48
2017-06-02,1996.38,0.09
2017-06-05,1992.33,-0.2
2017-06-06,2009.88,0.88
2017-06-07,2033.69,1.19
2017-06-08,2060.88,1.34
2017-06-09,2062.99,0.1
2017-06-12,2066.18,0.15
2017-06-13,2067.27,0.05
2017-06-14,2044.44,-1.1
2017-06-15,2039.13,-0.26
2017-06-16,2032.06,-0.35
2017-06-19,2053.39,1.05
2017-06-20,2050.34,-0.15
2017-06-21,2077.88,1.34
2017-06-22,2072.32,-0.27
2017-06-23,2096.61,1.17
2017-06-26,2120.81,1.15
2017-06-27,2122.4,0.08
2017-06-28,2103.06,-0.91
2017-06-29,2117.51,0.69
2017-06-30,2123.51,0.28
2017-07-03,2110.69,-0.6
2017-07-04,2099.39,-0.54
2017-07-05,2110.55,0.53
2017-07-06,2104.02,-0.31
2017-07-07,2096.26,-0.37
2017-07-10,2081.15,-0.72
2017-07-11,2098.21,0.82
2017-07-12,2078.01,-0.96
2017-07-13,2080.58,0.12
2017-07-14,2080.37,-0.01
2017-07-17,2058.91,-1.03
2017-07-18,2065.12,0.3
2017-07-19,2086.96,1.06
2017-07-20,2114.77,1.33
2017-07-21,2119.2,0.21
2017-07-24,2129.23,0.47
2017-07-25,2121.46,-0.36
2017-07-26,2108.08,-0.63
2017-07-27,2099.68,-0.4
2017-07-28,2113.06,0.64
2017-07-31,2121.82,0.41
2017-08-01,2121.85,0.0
2017-08-02,2114.98,-0.32
2017-08-03,2104.59,-0.49
2017-08-04,2089.56,-0.71
2017-08-07,2116.53,1.29
2017-08-08,2114.61,-0.09
2017-08-09,2138.69,1.14
2017-08-10,2135.93,-0.13
2017-08-11,2087.87,-2.25
2017-08-14,2107.94,0.96
2017-08-15,2104.08,-0.18
2017-08-16,2099.73,-0.21
2017-08-17,2112.07,0.59
2017-08-18,2113.56,0.07
2017-08-21,2135.59,1.04
2017-08-22,2137.15,0.07
2017-08-23,2127.06,-0.47
2017-08-24,2121.58,-0.26
2017-08-25,2142.9,1.01
2017-08-28,2156.01,0.61
2017-08-29,2148.47,-0.35
2017-08-30,2155.23,0.31
2017-08-31,2140.53,-0.68
2017-09-01,2166.32,1.2
2017-09-04,2175.41,0.42
2017-09-05,2162.45,-0.6
2017-09-06,2163.06,0.03
2017-09-07,2146.77,-0.75
2017-09-08,2145.15,-0.08
2017-09-11,2147.39,0.1
2017-09-12,2155.06,0.36
2017-09-13,2169.47,0.67
2017-09-14,2159.9,-0.44
2017-09-15,2144.16,-0.73
2017-09-18,2146.99,0.13
2017-09-19,2140.5,-0.3
2017-09-20,2147.33,0.32
2017-09-21,2142.14,-0.24
2017-09-22,2146.96,0.22
2017-09-25,2148.18,0.06
2017-09-26,2153.73,0.26
2017-09-27,2160.22,0.3
2017-09-28,2155.83,-0.2
2017-09-29,2158.36,0.12
2017-10-09,2178.45,0.93
2017-10-10,2181.88,0.16
2017-10-11,2188.41,0.3
2017-10-12,2184.62,-0.17
2017-10-13,2195.33,0.49
2017-10-16,2191.6,-0.17
2017-10-17,2193.02,0.06
2017-10-18,2214.63,0.99
2017-10-19,2218.96,0.2
2017-10-20,2209.77,-0.41
2017-10-23,2208.66,-0.05
2017-10-24,2223.64,0.68
2017-10-25,2241.15,0.79
2017-10-26,2250.74,0.43
2017-10-27,2265.14,0.64
2017-10-30,2261.14,-0.18
2017-10-31,2263.56,0.11
2017-11-01,2267.07,0.16
2017-11-02,2265.94,-0.05
2017-11-03,2260.42,-0.24
2017-11-06,2292.55,1.42
2017-11-07,2304.88,0.54
2017-11-08,2298.36,-0.28
2017-11-09,2327.97,1.29
2017-11-10,2333.51,0.24
2017-11-13,2350.79,0.74
2017-11-14,2346.86,-0.17
2017-11-15,2337.09,-0.42
2017-11-16,2349.43,0.53
2017-11-17,2343.27,-0.26
2017-11-20,2351.6,0.36
2017-11-21,2369.87,0.78
2017-11-22,2387.32,0.74
2017-11-23,2326.1,-2.56
2017-11-24,2328.48,0.1
2017-11-27,2300.95,-1.18
2017-11-28,2317.65,0.73
2017-11-29,2330.07,0.54
2017-11-30,2315.54,-0.62
2017-12-01,2302.99,-0.54
2017-12-04,2311.91,0.39
2017-12-05,2321.62,0.42
2017-12-06,2297.24,-1.05
2017-12-07,2266.13,-1.35
2017-12-08,2275.33,0.41
2017-12-11,2305.06,1.31
2017-12-12,2273.86,-1.35
2017-12-13,2302.83,1.27
2017-12-14,2297.02,-0.25
2017-12-15,2270.7,-1.15
2017-12-18,2296.87,1.15
2017-12-19,2314.57,0.77
2017-12-20,2312.46,-0.09
2017-12-21,2329.14,0.72
2017-12-22,2338.98,0.42
2017-12-25,2330.55,-0.36
2017-12-26,2333.44,0.12
2017-12-27,2318.67,-0.63
2017-12-28,2337.88,0.83
2017-12-29,2336.94,-0.04
2018-01-02,2390.26,2.28
2018-01-03,2408.28,0.75
2018-01-04,2442.77,1.43
2018-01-05,2458.58,0.65
2018-01-08,2503.11,1.81
2018-01-09,2502.48,-0.03
2018-01-10,2518.95,0.66
2018-01-11,2491.24,-1.1
2018-01-12,2500.61,0.38
2018-01-15,2482.31,-0.73
2018-01-16,2473.5,-0.35
2018-01-17,2464.69,-0.36
2018-01-18,2471.29,0.27
2018-01-19,2489.02,0.72
2018-01-22,2522.4,1.34
2018-01-23,2543.08,0.82
2018-01-24,2545.4,0.09
2018-01-25,2560.2,0.58
2018-01-26,2584.56,0.95
2018-01-29,2589.34,0.19
2018-01-30,2562.3,-1.04
2018-01-31,2559.58,-0.11
2018-02-01,2557.64,-0.08
2018-02-02,2633.67,2.97
2018-02-05,2642.17,0.32
2018-02-06,2542.74,-3.76
2018-02-07,2478.97,-2.51
2018-02-08,2425.78,-2.15
2018-02-09,2310.57,-4.75
2018-02-12,2330.72,0.87
2018-02-13,2355.75,1.07
2018-02-14,2384.89,1.24
2018-02-22,2448.69,2.68
2018-02-23,2469.25,0.84
2018-02-26,2498.33,1.18
2018-02-27,2436.04,-2.49
2018-02-28,2419.37,-0.68
2018-03-01,2419.84,0.02
2018-03-02,2397.46,-0.92
2018-03-05,2389.8,-0.32
2018-03-06,2427.33,1.57
2018-03-07,2396.37,-1.28
2018-03-08,2414.65,0.76
2018-03-09,2416.46,0.07
2018-03-12,2436.99,0.85
2018-03-13,2426.86,-0.42
2018-03-14,2432.45,0.23
2018-03-15,2434.73,0.09
2018-03-16,2410.97,-0.98
2018-03-19,2382.99,-1.16
2018-03-20,2396.6,0.57
2018-03-21,2382.02,-0.61
2018-03-22,2363.48,-0.78
2018-03-23,2310.71,-2.23
2018-03-26,2273.5,-1.61
2018-03-27,2293.46,0.88
2018-03-28,2240.59,-2.31
2018-03-29,2288.84,2.15
2018-03-30,2282.32,-0.28
2018-04-02,2273.75,-0.38
2018-04-03,2251.0,-1.0
2018-04-04,2246.3,-0.21
2018-04-09,2250.49,0.19
2018-04-10,2298.95,2.15
2018-04-11,2311.34,0.54
2018-04-12,2288.26,-1.0
2018-04-13,2275.73,-0.55
2018-04-16,2240.18,-1.56
2018-04-17,2219.58,-0.92
2018-04-18,2236.33,0.75
2018-04-19,2267.48,1.39
2018-04-20,2241.16,-1.16
2018-04-23,2247.27,0.27
2018-04-24,2289.91,1.9
2018-04-25,2272.79,-0.75
2018-04-26,2256.02,-0.74
2018-04-27,2270.61,0.65
2018-05-02,2263.12,-0.33
2018-05-03,2289.21,1.15
2018-05-04,2284.04,-0.23
2018-05-07,2324.69,1.78
2018-05-08,2333.77,0.39
2018-05-09,2338.86,0.22
2018-05-10,2353.02,0.61
2018-05-11,2346.2,-0.29
2018-05-14,2354.03,0.33
2018-05-15,2365.3,0.48
2018-05-16,2354.31,-0.46
2018-05-17,2345.59,-0.37
2018-05-18,2400.95,2.36
2018-05-21,2397.9,-0.13
2018-05-22,2388.82,-0.38
2018-05-23,2325.28,-2.66
2018-05-24,2318.75,-0.28
2018-05-25,2316.9,-0.08
2018-05-28,2323.48,0.28
2018-05-29,2322.42,-0.05
2018-05-30,2270.33,-2.24
2018-05-31,2330.12,2.63
2018-06-01,2322.88,-0.31
2018-06-04,2343.86,0.9
2018-06-05,2334.8,-0.39
2018-06-06,2346.76,0.51
2018-06-07,2342.31,-0.19
2018-06-08,2322.99,-0.82
2018-06-11,2316.44,-0.28
2018-06-12,2360.5,1.9
2018-06-13,2343.02,-0.74
2018-06-14,2347.35,0.18
2018-06-15,2349.05,0.07
2018-06-19,2260.78,-3.76
2018-06-20,2267.22,0.28
2018-06-21,2266.64,-0.03
2018-06-22,2266.16,-0.02
2018-06-25,2232.54,-1.48
2018-06-26,2199.14,-1.5
2018-06-27,2182.45,-0.76
2018-06-28,2164.71,-0.81
2018-06-29,2204.29,1.83
2018-07-02,2138.22,-3.0
2018-07-03,2135.65,-0.12
2018-07-04,2122.99,-0.59
2018-07-05,2102.95,-0.94
2018-07-06,2109.32,0.3
2018-07-09,2140.38,1.47
2018-07-10,2160.14,0.92
2018-07-11,2119.97,-1.86
2018-07-12,2157.99,1.79
2018-07-13,2159.85,0.09
2018-07-16,2161.8,0.09
2018-07-17,2140.0,-1.01
2018-07-18,2134.22,-0.27
2018-07-19,2149.72,0.73
2018-07-20,2178.17,1.32
2018-07-23,2219.14,1.88
2018-07-24,2275.15,2.52
2018-07-25,2269.05,-0.27
2018-07-26,2255.01,-0.62
2018-07-27,2259.26,0.19
2018-07-30,2274.52,0.68
2018-07-31,2275.17,0.03
2018-08-01,2233.34,-1.84
2018-08-02,2207.39,-1.16
2018-08-03,2192.09,-0.69
2018-08-06,2173.84,-0.83
2018-08-07,2245.45,3.29
2018-08-08,2230.01,-0.69
2018-08-09,2251.12,0.95
2018-08-10,2246.53,-0.2
2018-08-13,2249.05,0.11
2018-08-14,2240.46,-0.38
2018-08-15,2190.78,-2.22
2018-08-16,2177.57,-0.6
2018-08-17,2150.1,-1.26
2018-08-20,2187.92,1.76
2018-08-21,2205.14,0.79
2018-08-22,2193.42,-0.53
2018-08-23,2189.26,-0.19
2018-08-24,2182.1,-0.33
2018-08-27,2226.64,2.04
2018-08-28,2234.33,0.35
2018-08-29,2220.76,-0.61
2018-08-30,2196.38,-1.1
2018-08-31,2191.23,-0.23
2018-09-03,2174.47,-0.77
2018-09-04,2192.6,0.83
2018-09-05,2151.44,-1.88
2018-09-06,2147.49,-0.18
2018-09-07,2162.53,0.7
2018-09-10,2134.0,-1.32
2018-09-11,2112.09,-1.03
2018-09-12,2099.58,-0.59
2018-09-13,2119.3,0.94
2018-09-14,2118.16,-0.05
2018-09-17,2084.3,-1.6
2018-09-18,2136.18,2.49
2018-09-19,2159.97,1.11
2018-09-20,2159.24,-0.03
2018-09-21,2214.94,2.58
2018-09-25,2198.59,-0.74
2018-09-26,2218.88,0.92
2018-09-27,2222.56,0.17
2018-09-28,2235.81,0.6
2018-10-08,2151.31,-3.78
2018-10-09,2168.29,0.79
2018-10-10,2181.82,0.62
2018-10-11,2071.72,-5.05
2018-10-12,2105.94,1.65
2018-10-15,2067.71,-1.82
2018-10-16,2048.15,-0.95
2018-10-17,2069.23,1.03
2018-10-18,1997.41,-3.47
2018-10-19,2045.14,2.39
2018-10-22,2126.36,3.97
2018-10-23,2070.42,-2.63
2018-10-24,2078.08,0.37
2018-10-25,2070.9,-0.35
2018-10-26,2086.76,0.77
2018-10-29,2037.95,-2.34
2018-10-30,2045.64,0.38
2018-10-31,2076.02,1.49
2018-11-01,2072.91,-0.15
2018-11-02,2116.21,2.09
2018-11-05,2104.55,-0.55
2018-11-06,2099.79,-0.23
2018-11-07,2088.68,-0.53
2018-11-08,2087.23,-0.07
2018-11-09,2058.64,-1.37
2018-11-12,2079.07,0.99
2018-11-13,2089.26,0.49
2018-11-14,2073.6,-0.75
2018-11-15,2095.32,1.05
2018-11-16,2093.92,-0.07
2018-11-19,2109.67,0.75
2018-11-20,2064.99,-2.12
2018-11-21,2065.42,0.02
2018-11-22,2054.54,-0.53
2018-11-23,2001.43,-2.59
2018-11-26,1990.61,-0.54
2018-11-27,1984.23,-0.32
2018-11-28,2005.13,1.05
2018-11-29,1975.93,-1.46
2018-11-30,1990.57,0.74
2018-12-03,2040.01,2.48
2018-12-04,2048.0,0.39
2018-12-05,2031.46,-0.81
2018-12-06,1993.87,-1.85
2018-12-07,2005.48,0.58
2018-12-10,1994.58,-0.54
2018-12-11,1994.65,0.0
2018-12-12,2003.12,0.42
2018-12-13,2032.06,1.45
2018-12-14,2007.46,-1.21
2018-12-17,2016.24,0.44
2018-12-18,1995.92,-1.01
2018-12-19,1977.94,-0.9
2018-12-20,1970.44,-0.38
2018-12-21,1959.6,-0.55
2018-12-24,1967.57,0.41
2018-12-25,1936.94,-1.56
2018-12-26,1926.31,-0.55
2018-12-27,1911.53,-0.77
2018-12-28,1912.61,0.06
2019-01-02,1889.45,-1.21
2019-01-03,1885.18,-0.23
2019-01-04,1912.83,1.47
2019-01-07,1931.3,0.97
2019-01-08,1939.45,0.42
2019-01-09,1955.41,0.82
2019-01-10,1946.22,-0.47
2019-01-11,1962.02,0.81
2019-01-14,1963.57,0.08
2019-01-15,1981.25,0.9
2019-01-16,1985.37,0.21
2019-01-17,1979.84,-0.28
2019-01-18,2014.25,1.74
2019-01-21,2034.04,0.98
2019-01-22,2003.29,-1.51
2019-01-23,2012.31,0.45
2019-01-24,2012.01,-0.02
2019-01-25,2019.17,0.36
2019-01-28,2022.71,0.18
2019-01-29,2035.01,0.61
2019-01-30,2021.66,-0.66
2019-01-31,2037.31,0.77
2019-02-01,2057.52,0.99
2019-02-11,2081.22,1.15
2019-02-12,2091.68,0.5
2019-02-13,2130.02,1.83
2019-02-14,2124.59,-0.25
2019-02-15,2092.15,-1.53
2019-02-18,2144.45,2.5
2019-02-19,2137.57,-0.32
2019-02-20,2148.16,0.5
2019-02-21,2131.59,-0.77
2019-02-22,2146.06,0.68
2019-02-25,2240.26,4.39
2019-02-26,2242.75,0.11
2019-02-27,2250.26,0.33
2019-02-28,2246.04,-0.19
2019-03-01,2279.36,1.48
2019-03-04,2302.31,1.01
2019-03-05,2320.57,0.79
2019-03-06,2349.74,1.26
2019-03-07,2335.42,-0.61
2019-03-08,2229.5,-4.54
2019-03-11,2274.95,2.04
2019-03-12,2308.52,1.48
2019-03-13,2271.47,-1.61
2019-03-14,2262.17,-0.41
2019-03-15,2289.69,1.22
2019-03-18,2352.24,2.73
2019-03-19,2341.48,-0.46
2019-03-20,2347.65,0.26
2019-03-21,2353.35,0.24
2019-03-22,2359.66,0.27
2019-03-25,2298.5,-2.59
2019-03-26,2260.2,-1.67
2019-03-27,2286.19,1.15
2019-03-28,2260.28,-1.13
2019-03-29,2315.19,2.43
2019-04-01,2388.51,3.17
2019-04-02,2392.33,0.16
2019-04-03,2425.72,1.4
2019-04-04,2450.11,1.01
2019-04-08,2498.85,1.99
2019-04-09,2473.59,-1.01
2019-04-10,2478.0,0.18
2019-04-11,2425.96,-2.1
2019-04-12,2425.6,-0.01
2019-04-15,2413.78,-0.49
2019-04-16,2467.62,2.23
2019-04-17,2470.78,0.13
2019-04-18,2462.15,-0.35
2019-04-19,2495.08,1.34
2019-04-22,2450.66,-1.78
2019-04-23,2428.68,-0.9
2019-04-24,2436.45,0.32
2019-04-25,2358.86,-3.18
2019-04-26,2321.8,-1.57
2019-04-29,2313.45,-0.36
2019-04-30,2330.49,0.74
2019-05-06,2205.6,-5.36
2019-05-07,2224.14,0.84
2019-05-08,2190.44,-1.52
2019-05-09,2163.1,-1.25
2019-05-10,2225.52,2.89
2019-05-13,2202.42,-1.04
2019-05-14,2188.97,-0.61
2019-05-15,2231.91,1.96
2019-05-16,2254.54,1.01
2019-05-17,2201.24,-2.36
2019-05-20,2188.62,-0.57
2019-05-21,2228.01,1.8
2019-05-22,2216.15,-0.53
2019-05-23,2194.83,-0.96
2019-05-24,2192.1,-0.12
2019-05-27,2217.4,1.15
2019-05-28,2234.91,0.79
2019-05-29,2222.53,-0.55
2019-05-30,2225.13,0.12
2019-05-31,2196.2,-1.3
2019-06-03,2190.46,-0.26
2019-06-04,2175.34,-0.69
2019-06-05,2181.4,0.28
2019-06-06,2161.65,-0.91
2019-06-10,2184.99,1.08
2019-06-11,2226.78,1.91
2019-06-12,2210.86,-0.72
2019-06-13,2205.87,-0.23
2019-06-14,2185.03,-0.94
2019-06-17,2196.83,0.54
2019-06-18,2196.28,-0.02
2019-06-19,2206.77,0.48
2019-06-20,2245.8,1.77
2019-06-21,2253.45,0.34
2019-06-24,2272.93,0.86
2019-06-25,2250.57,-0.98
2019-06-26,2247.87,-0.12
2019-06-27,2257.01,0.41
2019-06-28,2245.47,-0.51
2019-07-01,2293.21,2.13
2019-07-02,2302.89,0.42
2019-07-03,2282.88,-0.87
2019-07-04,2284.0,0.05
2019-07-05,2286.53,0.11
2019-07-08,2204.93,-3.57
2019-07-09,2207.0,0.09
2019-07-10,2182.73,-1.1
2019-07-11,2186.2,0.16
2019-07-12,2193.91,0.35
2019-07-15,2203.27,0.43
2019-07-16,2204.57,0.06
2019-07-17,2203.58,-0.04
2019-07-18,2173.07,-1.38
2019-07-19,2190.82,0.82
2019-07-22,2160.89,-1.37
2019-07-23,2167.87,0.32
2019-07-24,2186.52,0.86
2019-07-25,2189.34,0.13
2019-07-26,2195.27,0.27
2019-07-29,2190.72,-0.21
2019-07-30,2201.96,0.51
2019-07-31,2178.6,-1.06
2019-08-01,2158.18,-0.94
2019-08-02,2121.24,-1.71
2019-08-05,2072.85,-2.28
2019-08-06,2025.92,-2.26
2019-08-07,2024.68,-0.06
2019-08-08,2039.73,0.74
2019-08-09,2020.97,-0.92
2019-08-12,2046.94,1.29
2019-08-13,2024.97,-1.07
2019-08-14,2032.88,0.39
2019-08-15,2044.85,0.59
2019-08-16,2042.81,-0.1
2019-08-19,2092.17,2.42
2019-08-20,2098.88,0.32
2019-08-21,2099.16,0.01
2019-08-22,2091.12,-0.38
2019-08-23,2098.24,0.34
2019-08-26,2078.93,-0.92
2019-08-27,2106.59,1.33
2019-08-28,2101.32,-0.25
2019-08-29,2094.12,-0.34
2019-08-30,2082.2,-0.57
2019-09-02,2134.29,2.5
2019-09-03,2141.69,0.35
2019-09-04,2176.71,1.64
2019-09-05,2184.65,0.36
2019-09-06,2202.58,0.82
2019-09-09,2221.62,0.86
2019-09-10,2232.47,0.49
2019-09-11,2221.93,-0.47
2019-09-12,2238.04,0.73
2019-09-16,2233.89,-0.19
2019-09-17,2192.87,-1.84
2019-09-18,2190.24,-0.12
2019-09-19,2200.75,0.48
2019-09-20,2197.2,-0.16
2019-09-23,2165.34,-1.45
2019-09-24,2169.9,0.21
2019-09-25,2147.19,-1.05
2019-09-26,2131.41,-0.73
2019-09-27,2121.16,-0.48
2019-09-30,2111.15,-0.47
2019-10-08,2119.36,0.39
2019-10-09,2128.02,0.41
2019-10-10,2141.46,0.63
2019-10-11,2164.92,1.1
2019-10-14,2181.4,0.76
2019-10-15,2161.04,-0.93
2019-10-16,2151.75,-0.43
2019-10-17,2145.51,-0.29
2019-10-18,2119.41,-1.22
2019-10-21,2113.25,-0.29
2019-10-22,2120.36,0.34
2019-10-23,2105.07,-0.72
2019-10-24,2107.1,0.1
2019-10-25,2111.32,0.2
2019-10-28,2136.64,1.2
2019-10-29,2117.24,-0.91
2019-10-30,2108.19,-0.43
2019-10-31,2098.87,-0.44
2019-11-01,2120.93,1.05
2019-11-04,2142.11,1.0
2019-11-05,2147.24,0.24
2019-11-06,2135.28,-0.56
2019-11-07,2137.45,0.1
2019-11-08,2126.39,-0.52
2019-11-11,2075.38,-2.4
2019-11-12,2085.06,0.47
2019-11-13,2074.51,-0.51
2019-11-14,2075.9,0.07
2019-11-15,2049.06,-1.29
2019-11-18,2071.88,1.11
2019-11-19,2103.44,1.52
2019-11-20,2093.58,-0.47
2019-11-21,2095.88,0.11
2019-11-22,2105.02,0.44
2019-11-25,2165.57,2.88
2019-11-26,2141.99,-1.09
2019-11-27,2131.67,-0.48
2019-11-28,2118.29,-0.63
2019-11-29,2110.2,-0.38
2019-12-02,2116.86,0.32
2019-12-03,2113.51,-0.16
2019-12-04,2097.85,-0.74
2019-12-05,2109.1,0.54
2019-12-06,2118.36,0.44
2019-12-09,2147.3,1.37
2019-12-10,2143.26,-0.19
2019-12-11,2155.91,0.59
2019-12-12,2137.1,-0.87
2019-12-13,2167.52,1.42
2019-12-16,2181.95,0.67
2019-12-17,2214.79,1.51
2019-12-18,2208.57,-0.28
2019-12-19,2227.05,0.84
2019-12-20,2216.26,-0.48
2019-12-23,2196.78,-0.88
2019-12-24,2220.06,1.06
2019-12-25,2218.69,-0.06
2019-12-26,2245.13,1.19
2019-12-27,2252.78,0.34
2019-12-30,2293.25,1.8
2019-12-31,2321.81,1.25
2020-01-02,2354.37,1.4
2020-01-03,2339.58,-0.63
2020-01-06,2331.16,-0.36
2020-01-07,2369.91,1.66
2020-01-08,2333.11,-1.55
2020-01-09,2362.53,1.26
2020-01-10,2360.38,-0.09
2020-01-13,2362.42,0.09
2020-01-14,2364.65,0.09
2020-01-15,2342.71,-0.93
2020-01-16,2315.27,-1.17
2020-01-17,2315.82,0.02
2020-01-20,2314.67,-0.05
2020-01-21,2269.58,-1.95
2020-01-22,2266.41,-0.14
2020-01-23,2180.6,-3.79
2020-02-03,1995.48,-8.49
2020-02-04,2024.24,1.44
2020-02-05,2057.36,1.64
2020-02-06,2099.04,2.03
2020-02-07,2095.22,-0.18
2020-02-10,2136.4,1.97
2020-02-11,2151.65,0.71
2020-02-12,2170.21,0.86
2020-02-13,2156.17,-0.65
2020-02-14,2166.92,0.5
2020-02-17,2204.86,1.75
2020-02-18,2194.48,-0.47
2020-02-19,2195.58,0.05
2020-02-20,2226.63,1.41
2020-02-21,2227.64,0.05
2020-02-24,2221.69,-0.27
2020-02-25,2196.24,-1.15
2020-02-26,2202.28,0.28
2020-02-27,2221.39,0.87
2020-02-28,2141.69,-3.59
2020-03-02,2246.1,4.88
2020-03-03,2250.4,0.19
2020-03-04,2270.0,0.87
2020-03-05,2306.81,1.62
2020-03-06,2260.58,-2.0
2020-03-09,2187.89,-3.22
2020-03-10,2241.07,2.43
2020-03-11,2211.15,-1.34
2020-03-12,2167.03,-2.0
2020-03-13,2132.69,-1.58
2020-03-16,2073.16,-2.79
2020-03-17,2055.73,-0.84
2020-03-18,2033.62,-1.08
2020-03-19,1997.19,-1.79
2020-03-20,2032.86,1.79
2020-03-23,1984.71,-2.37
2020-03-24,2038.05,2.69
2020-03-25,2076.85,1.9
2020-03-26,2060.85,-0.77
2020-03-27,2075.3,0.7
2020-03-30,2066.91,-0.4
2020-03-31,2058.6,-0.4
2020-04-01,2045.4,-0.64
2020-04-02,2065.47,0.98
2020-04-03,2049.65,-0.77
2020-04-07,2099.02,2.41
2020-04-08,2099.25,0.01
2020-04-09,2101.71,0.12
2020-04-10,2089.04,-0.6
2020-04-13,2102.48,0.64
2020-04-14,2123.47,1.0
2020-04-15,2096.47,-1.27
2020-04-16,2100.68,0.2
2020-04-17,2107.99,0.35
2020-04-20,2119.44,0.54
2020-04-21,2090.68,-1.36
2020-04-22,2104.75,0.67
2020-04-23,2095.87,-0.42
2020-04-24,2076.21,-0.94
2020-04-27,2079.18,0.14
2020-04-28,2072.96,-0.3
2020-04-29,2094.59,1.04
2020-04-30,2119.97,1.21
2020-05-06,2112.6,-0.35
2020-05-07,2115.65,0.14
2020-05-08,2138.6,1.08
2020-05-11,2158.36,0.92
2020-05-12,2153.33,-0.23
2020-05-13,2147.21,-0.28
2020-05-14,2122.56,-1.15
2020-05-15,2119.71,-0.13
2020-05-18,2120.7,0.05
2020-05-19,2141.42,0.98
2020-05-20,2121.8,-0.92
2020-05-21,2111.52,-0.48
2020-05-22,2066.22,-2.15
2020-05-25,2066.16,0.0
2020-05-26,2084.65,0.89
2020-05-27,2085.42,0.04
2020-05-28,2086.52,0.05
2020-05-29,2079.37,-0.34
2020-06-01,2120.5,1.98
2020-06-02,2133.28,0.6
2020-06-03,2131.48,-0.08
2020-06-04,2130.89,-0.03
2020-06-05,2132.02,0.05
2020-06-08,2142.97,0.51
2020-06-09,2154.44,0.54
2020-06-10,2144.46,-0.46
2020-06-11,2111.18,-1.55
2020-06-12,2106.27,-0.23
2020-06-15,2071.02,-1.67
2020-06-16,2096.62,1.24
2020-06-17,2105.36,0.42
2020-06-18,2117.75,0.59
2020-06-19,2116.83,-0.04
2020-06-22,2106.63,-0.48
2020-06-23,2092.21,-0.68
2020-06-24,2087.0,-0.25
2020-06-29,2060.07,-1.29
2020-06-30,2069.97,0.48
2020-07-01,2109.39,1.9
2020-07-02,2150.94,1.97
2020-07-03,2195.63,2.08
2020-07-06,2311.55,5.28
2020-07-07,2292.68,-0.82
2020-07-08,2324.62,1.39
2020-07-09,2369.03,1.91
2020-07-10,2308.59,-2.55
2020-07-13,2379.88,3.09
2020-07-14,2405.55,1.08
2020-07-15,2343.76,-2.57
2020-07-16,2263.37,-3.43
2020-07-17,2267.07,0.16
2020-07-20,2378.42,4.91
2020-07-21,2371.32,-0.3
2020-07-22,2364.8,-0.27
2020-07-23,2355.28,-0.4
2020-07-24,2288.1,-2.85
2020-07-27,2303.03,0.65
2020-07-28,2307.72,0.2
2020-07-29,2339.11,1.36
2020-07-30,2339.2,0.0
2020-07-31,2346.8,0.32
2020-08-03,2401.01,2.31
2020-08-04,2394.82,-0.26
2020-08-05,2389.18,-0.24
2020-08-06,2385.35,-0.16
2020-08-07,2374.2,-0.47
2020-08-10,2399.63,1.07
2020-08-11,2365.0,-1.44
2020-08-12,2357.8,-0.3
2020-08-13,2382.58,1.05
2020-08-14,2387.11,0.19
2020-08-17,2435.76,2.04
2020-08-18,2444.41,0.35
2020-08-19,2444.59,0.01
2020-08-20,2405.91,-1.58
2020-08-21,2409.4,0.15
2020-08-24,2410.79,0.06
2020-08-25,2385.32,-1.06
2020-08-26,2359.24,-1.09
2020-08-27,2369.0,0.41
2020-08-28,2412.19,1.82
2020-08-31,2410.96,-0.05
2020-09-01,2428.94,0.75
2020-09-02,2419.93,-0.37
2020-09-03,2413.63,-0.26
2020-09-04,2406.4,-0.3
2020-09-07,2389.29,-0.71
2020-09-08,2431.32,1.76
2020-09-09,2407.73,-0.97
2020-09-10,2378.19,-1.23
2020-09-11,2384.71,0.27
2020-09-14,2390.32,0.24
2020-09-15,2393.26,0.12
2020-09-16,2402.2,0.37
2020-09-17,2405.31,0.13
2020-09-18,2444.4,1.63
2020-09-21,2424.82,-0.8
2020-09-22,2393.87,-1.28
2020-09-23,2389.16,-0.2
2020-09-24,2338.89,-2.1
2020-09-25,2334.71,-0.18
2020-09-28,2334.26,-0.02
2020-09-29,2340.03,0.25
2020-09-30,2329.9,-0.43
2020-10-09,2379.14,2.11
2020-10-12,2432.38,2.24
2020-10-13,2440.34,0.33
2020-10-14,2423.43,-0.69
2020-10-15,2417.8,-0.23
2020-10-16,2419.58,0.07
2020-10-19,2405.09,-0.6
2020-10-20,2423.66,0.77
2020-10-21,2422.17,-0.06
2020-10-22,2408.43,-0.57
2020-10-23,2396.69,-0.49
2020-10-26,2385.93,-0.45
2020-10-27,2384.08,-0.08
2020-10-28,2386.25,0.09
2020-10-29,2384.46,-0.08
2020-10-30,2352.41,-1.34
2020-11-02,2357.96,0.24
2020-11-03,2399.35,1.76
2020-11-04,2432.53,1.38
2020-11-05,2479.26,1.92
2020-11-06,2491.75,0.5
2020-11-09,2531.21,1.58
2020-11-10,2498.32,-1.3
2020-11-11,2499.27,0.04
2020-11-12,2501.68,0.1
2020-11-13,2482.4,-0.77
2020-11-16,2534.69,2.11
2020-11-17,2556.7,0.87
2020-11-18,2568.08,0.45
2020-11-19,2547.75,-0.79
2020-11-20,2591.2,1.71
2020-11-23,2643.7,2.03
2020-11-24,2632.97,-0.41
2020-11-25,2606.36,-1.01
2020-11-26,2603.4,-0.11
2020-11-27,2614.56,0.43
2020-11-30,2608.42,-0.23
2020-12-01,2622.15,0.53
2020-12-02,2619.87,-0.09
2020-12-03,2580.92,-1.49
2020-12-04,2582.6,0.07
2020-12-07,2550.46,-1.24
2020-12-08,2544.8,-0.22
2020-12-09,2518.11,-1.05
2020-12-10,2524.19,0.24
2020-12-11,2487.65,-1.45
2020-12-14,2451.26,-1.46
2020-12-15,2466.42,0.62
2020-12-16,2461.82,-0.19
2020-12-17,2516.88,2.24
2020-12-18,2551.14,1.36
2020-12-21,2563.5,0.48
2020-12-22,2486.19,-3.02
2020-12-23,2511.31,1.01
2020-12-24,2495.94,-0.61
2020-12-25,2548.05,2.09
2020-12-28,2552.32,0.17
2020-12-29,2523.73,-1.12
2020-12-30,2529.01,0.21
2020-12-31,2545.91,0.67
2021-01-04,2573.42,1.08
2021-01-05,2559.6,-0.54
2021-01-06,2575.48,0.62
2021-01-07,2581.77,0.24
2021-01-08,2615.36,1.3
2021-01-11,2587.67,-1.06
2021-01-12,2607.62,0.77
2021-01-13,2663.45,2.14
2021-01-14,2628.74,-1.3
2021-01-15,2604.51,-0.92
2021-01-18,2647.53,1.65
2021-01-19,2604.49,-1.63
2021-01-20,2608.17,0.14
2021-01-21,2625.87,0.68
2021-01-22,2620.43,-0.21
2021-01-25,2592.88,-1.05
2021-01-26,2561.33,-1.22
2021-01-27,2573.37,0.47
2021-01-28,2501.38,-2.8
2021-01-29,2447.84,-2.14
2021-02-01,2445.23,-0.11
2021-02-02,2441.05,-0.17
2021-02-03,2427.55,-0.55
2021-02-04,2371.59,-2.31
2021-02-05,2330.85,-1.72
2021-02-08,2357.75,1.15
2021-02-09,2401.01,1.83
2021-02-10,2409.4,0.35
2021-02-18,2495.57,3.58
2021-02-19,2580.16,3.39
2021-02-22,2667.39,3.38
2021-02-23,2649.42,-0.67
2021-02-24,2620.62,-1.09
2021-02-25,2664.61,1.68
2021-02-26,2607.25,-2.15
2021-03-01,2671.12,2.45
2021-03-02,2642.09,-1.09
2021-03-03,2708.95,2.53
2021-03-04,2689.06,-0.73
2021-03-05,2651.21,-1.41
2021-03-08,2629.36,-0.82
2021-03-09,2627.96,-0.05
2021-03-10,2600.96,-1.03
2021-03-11,2702.4,3.9
2021-03-12,2747.62,1.67
2021-03-15,2766.07,0.67
2021-03-16,2768.17,0.08
2021-03-17,2776.35,0.3
2021-03-18,2793.75,0.63
2021-03-19,2772.68,-0.75
2021-03-22,2804.87,1.16
2021-03-23,2728.87,-2.71
2021-03-24,2650.52,-2.87
2021-03-25,2674.23,0.89
2021-03-26,2720.13,1.72
2021-03-29,2770.95,1.87
2021-03-30,2782.06,0.4
2021-03-31,2810.96,1.04
2021-04-01,2853.18,1.5
2021-04-02,2834.79,-0.64
2021-04-06,2853.07,0.64
2021-04-07,2930.81,2.72
2021-04-08,2919.65,-0.38
2021-04-09,2952.06,1.11
2021-04-12,2908.83,-1.46
2021-04-13,2854.89,-1.85
2021-04-14,2874.41,0.68
2021-04-15,2881.62,0.25
2021-04-16,2938.54,1.98
2021-04-19,2936.3,-0.08
2021-04-20,2925.42,-0.37
2021-04-21,2915.79,-0.33
2021-04-22,2955.83,1.37
2021-04-23,2951.6,-0.14
2021-04-26,2956.17,0.16
2021-04-27,2969.37,0.45
2021-04-28,2986.96,0.59
2021-04-29,3016.29,0.98
2021-04-30,2985.32,-1.03
2021-05-06,3088.11,3.44
2021-05-07,3136.24,1.56
2021-05-10,3218.77,2.63
2021-05-11,3136.65,-2.55
2021-05-12,3178.99,1.35
2021-05-13,3099.38,-2.5
2021-05-14,3095.84,-0.11
2021-05-17,3129.89,1.1
2021-05-18,3166.97,1.18
2021-05-19,3120.73,-1.46
2021-05-20,3022.91,-3.13
2021-05-21,3091.84,2.28
2021-05-24,3059.6,-1.04
2021-05-25,3078.08,0.6
2021-05-26,3071.59,-0.21
2021-05-27,3089.15,0.57
2021-05-28,3084.51,-0.15
2021-05-31,3078.79,-0.19
2021-06-01,3114.83,1.17
2021-06-02,3074.3,-1.3
2021-06-03,3078.54,0.14
2021-06-04,3051.36,-0.88
2021-06-07,3067.93,0.54
2021-06-08,3064.78,-0.1
2021-06-09,3132.45,2.21
2021-06-10,3187.14,1.75
2021-06-11,3222.25,1.1
2021-06-15,3183.89,-1.19
2021-06-16,3154.05,-0.94
2021-06-17,3176.25,0.7
2021-06-18,3179.76,0.11
2021-06-21,3170.19,-0.3
2021-06-22,3192.55,0.71
2021-06-23,3203.96,0.36
2021-06-24,3192.65,-0.35
2021-06-25,3271.53,2.47
2021-06-28,3270.85,-0.02
2021-06-29,3238.5,-0.99
2021-06-30,3254.38,0.49
2021-07-01,3216.88,-1.15
2021-07-02,3218.94,0.06
2021-07-05,3221.25,0.07
2021-07-06,3235.61,0.45
2021-07-07,3262.86,0.84
2021-07-08,3183.04,-2.45
2021-07-09,3176.43,-0.21
2021-07-12,3158.27,-0.57
2021-07-13,3217.26,1.87
2021-07-14,3193.15,-0.75
2021-07-15,3194.74,0.05
2021-07-16,3217.96,0.73
2021-07-19,3231.34,0.42
2021-07-20,3194.76,-1.13
2021-07-21,3188.14,-0.21
2021-07-22,3236.72,1.52
2021-07-23,3193.28,-1.34
2021-07-26,3140.27,-1.66
2021-07-27,3028.36,-3.56
2021-07-28,3013.35,-0.5
2021-07-29,3034.38,0.7
2021-07-30,3041.09,0.22
2021-08-02,3091.24,1.65
2021-08-03,3100.66,0.3
2021-08-04,3128.94,0.91
2021-08-05,3117.72,-0.36
2021-08-06,3139.54,0.7
2021-08-09,3182.96,1.38
2021-08-10,3204.57,0.68
2021-08-11,3249.15,1.39
2021-08-12,3284.15,1.08
2021-08-13,3304.24,0.61
2021-08-16,3300.12,-0.12
2021-08-17,3234.82,-1.98
2021-08-18,3253.3,0.57
2021-08-19,3220.01,-1.02
2021-08-20,3194.05,-0.81
2021-08-23,3254.21,1.88
2021-08-24,3273.07,0.58
2021-08-25,3322.1,1.5
2021-08-26,3354.81,0.98
2021-08-27,3388.63,1.01
2021-08-30,3438.25,1.46
2021-08-31,3501.46,1.84
2021-09-01,3489.19,-0.35
2021-09-02,3556.46,1.93
2021-09-03,3543.89,-0.35
2021-09-06,3579.27,1.0
2021-09-07,3688.07,3.04
2021-09-08,3753.41,1.77
2021-09-09,3881.22,3.41
2021-09-10,3822.97,-1.5
2021-09-13,3928.03,2.75
2021-09-14,3819.36,-2.77
2021-09-15,3814.24,-0.13
2021-09-16,3790.43,-0.62
2021-09-17,3704.68,-2.26
2021-09-22,3820.09,3.12
2021-09-23,3820.58,0.01
2021-09-24,3688.94,-3.45
2021-09-27,3550.97,-3.74
2021-09-28,3590.47,1.11
2021-09-29,3444.84,-4.06
2021-09-30,3511.36,1.93
2021-10-08,3463.21,-1.37
2021-10-11,3501.08,1.09
2021-10-12,3448.27,-1.51
2021-10-13,3378.7,-2.02
2021-10-14,3355.83,-0.68
2021-10-15,3356.05,0.01
2021-10-18,3440.28,2.51
2021-10-19,3470.48,0.88
2021-10-20,3371.28,-2.86
2021-10-21,3414.27,1.28
2021-10-22,3325.46,-2.6
2021-10-25,3360.6,1.06
2021-10-26,3343.71,-0.5
2021-10-27,3275.54,-2.04
2021-10-28,3212.72,-1.92
2021-10-29,3225.61,0.4
2021-11-01,3231.74,0.19
2021-11-02,3157.77,-2.29
2021-11-03,3198.5,1.29
2021-11-04,3181.98,-0.52
2021-11-05,3127.63,-1.71
2021-11-08,3128.54,0.03
2021-11-09,3120.48,-0.26
2021-11-10,3096.8,-0.76
2021-11-11,3121.13,0.79
2021-11-12,3100.46,-0.66
2021-11-15,3099.23,-0.04
2021-11-16,3085.26,-0.45
2021-11-17,3095.53,0.33
2021-11-18,3081.26,-0.46
2021-11-19,3119.24,1.23
2021-11-22,3145.57,0.84
2021-11-23,3157.65,0.38
2021-11-24,3172.24,0.46
2021-11-25,3160.49,-0.37
2021-11-26,3139.95,-0.65
2021-11-29,3150.85,0.35
2021-11-30,3173.7,0.73
2021-12-01,3206.58,1.04
2021-12-02,3233.81,0.85
2021-12-03,3300.33,2.06
2021-12-06,3297.81,-0.08
2021-12-07,3327.49,0.9
2021-12-08,3334.37,0.21
2021-12-09,3340.59,0.19
2021-12-10,3333.16,-0.22
2021-12-13,3350.68,0.53
2021-12-14,3276.8,-2.2
2021-12-15,3291.68,0.45
2021-12-16,3398.97,3.26
2021-12-17,3374.92,-0.71
2021-12-20,3334.16,-1.21
2021-12-21,3367.79,1.01
2021-12-22,3361.1,-0.2
2021-12-23,3408.67,1.42
2021-12-24,3350.22,-1.71
2021-12-27,3357.55,0.22
2021-12-28,3341.72,-0.47
2021-12-29,3322.57,-0.57
2021-12-30,3316.06,-0.2
2021-12-31,3329.87,0.42
2022-01-04,3389.57,1.79
2022-01-05,3344.41,-1.33
2022-01-06,3349.7,0.16
2022-01-07,3377.38,0.83
2022-01-10,3406.69,0.87
2022-01-11,3398.78,-0.23
2022-01-12,3408.13,0.28
2022-01-13,3398.12,-0.29
2022-01-14,3347.68,-1.48
2022-01-17,3326.47,-0.63
2022-01-18,3379.6,1.6
2022-01-19,3396.29,0.49
2022-01-20,3390.35,-0.17
2022-01-21,3363.15,-0.8
2022-01-24,3355.02,-0.24
2022-01-25,3237.62,-3.5
2022-01-26,3251.97,0.44
2022-01-27,3207.51,-1.37
2022-01-28,3150.04,-1.79
2022-02-07,3272.08,3.87
2022-02-08,3390.65,3.62
2022-02-09,3420.93,0.89
2022-02-10,3473.88,1.55
2022-02-11,3470.49,-0.1
2022-02-14,3408.65,-1.78
2022-02-15,3375.02,-0.99
2022-02-16,3408.58,0.99
2022-02-17,3406.03,-0.07
2022-02-18,3481.95,2.23
2022-02-21,3503.51,0.62
2022-02-22,3487.21,-0.47
2022-02-23,3464.39,-0.65
2022-02-24,3414.29,-1.45
2022-02-25,3389.16,-0.74
2022-02-28,3446.46,1.69
2022-03-01,3494.61,1.4
2022-03-02,3543.26,1.39
2022-03-03,3608.15,1.83
2022-03-04,3605.74,-0.07
2022-03-07,3581.0,-0.69
2022-03-08,3423.93,-4.39
2022-03-09,3400.69,-0.68
2022-03-10,3418.68,0.53
2022-03-11,3448.76,0.88
2022-03-14,3350.57,-2.85
2022-03-15,3118.75,-6.92
2022-03-16,3210.31,2.94
2022-03-17,3252.86,1.33
2022-03-18,3341.08,2.71
2022-03-21,3366.62,0.76
2022-03-22,3418.58,1.54
2022-03-23,3410.83,-0.23
2022-03-24,3428.98,0.53
2022-03-25,3395.18,-0.99
2022-03-28,3457.24,1.83
2022-03-29,3487.36,0.87
2022-03-30,3463.72,-0.68
2022-03-31,3477.21,0.39
2022-04-01,3514.15,1.06
2022-04-06,3507.73,-0.18
2022-04-07,3472.3,-1.01
2022-04-08,3512.89,1.17
2022-04-11,3453.42,-1.69
2022-04-12,3494.46,1.19
2022-04-13,3539.61,1.29
2022-04-14,3614.96,2.13
2022-04-15,3551.7,-1.75
2022-04-18,3491.57,-1.69
2022-04-19,3541.01,1.42
2022-04-20,3433.45,-3.04
2022-04-21,3351.98,-2.37
2022-04-22,3372.68,0.62
2022-04-25,3182.57,-5.64
2022-04-26,3108.82,-2.32
2022-04-27,3198.47,2.88
2022-04-28,3266.03,2.11
2022-04-29,3309.66,1.34
2022-05-05,3320.83,0.34
2022-05-06,3255.54,-1.97
2022-05-09,3244.6,-0.34
2022-05-10,3210.92,-1.04
2022-05-11,3239.32,0.88
2022-05-12,3216.51,-0.7
2022-05-13,3293.4,2.39
2022-05-16,3312.47,0.58
2022-05-17,3324.75,0.37
2022-05-18,3300.36,-0.73
2022-05-19,3294.66,-0.17
2022-05-20,3397.61,3.12
2022-05-23,3436.01,1.13
2022-05-24,3367.38,-2.0
2022-05-25,3422.58,1.64
2022-05-26,3474.83,1.53
2022-05-27,3494.71,0.57
2022-05-30,3483.53,-0.32
2022-05-31,3482.42,-0.03
2022-06-01,3505.62,0.67
2022-06-02,3464.53,-1.17
2022-06-06,3516.69,1.51
2022-06-07,3524.41,0.22
2022-06-08,3587.62,1.79
2022-06-09,3565.04,-0.63
2022-06-10,3604.59,1.11
2022-06-13,3555.51,-1.36
2022-06-14,3588.64,0.93
2022-06-15,3590.82,0.06
2022-06-16,3506.87,-2.34
2022-06-17,3495.2,-0.33
2022-06-20,3407.46,-2.51
2022-06-21,3382.32,-0.74
2022-06-22,3331.66,-1.5
2022-06-23,3375.82,1.33
2022-06-24,3370.34,-0.16
2022-06-27,3433.92,1.89
2022-06-28,3492.43,1.7
2022-06-29,3445.59,-1.34
2022-06-30,3449.74,0.12
2022-07-01,3455.92,0.18
2022-07-04,3458.35,0.07
2022-07-05,3527.04,1.99
2022-07-06,3395.13,-3.74
2022-07-07,3435.17,1.18
2022-07-08,3405.12,-0.87
2022-07-11,3306.18,-2.91
2022-07-12,3316.4,0.31
2022-07-13,3303.13,-0.4
2022-07-14,3281.88,-0.64
2022-07-15,3215.75,-2.01
2022-07-18,3309.05,2.9
2022-07-19,3310.1,0.03
2022-07-20,3309.41,-0.02
2022-07-21,3231.01,-2.37
2022-07-22,3223.3,-0.24
2022-07-25,3213.01,-0.32
2022-07-26,3246.43,1.04
2022-07-27,3242.94,-0.11
2022-07-28,3261.0,0.56
2022-07-29,3218.81,-1.29
2022-08-01,3235.91,0.53
2022-08-02,3136.71,-3.07
2022-08-03,3105.45,-1.0
2022-08-04,3113.44,0.26
2022-08-05,3131.83,0.59
2022-08-08,3192.31,1.93
2022-08-09,3238.86,1.46
2022-08-10,3216.84,-0.68
2022-08-11,3256.36,1.23
2022-08-12,3303.24,1.44
2022-08-15,3308.43,0.16
2022-08-16,3306.17,-0.07
2022-08-17,3311.85,0.17
2022-08-18,3270.77,-1.24
2022-08-19,3302.8,0.98
2022-08-22,3353.2,1.53
2022-08-23,3370.36,0.51
2022-08-24,3331.07,-1.17
2022-08-25,3438.63,3.23
2022-08-26,3383.78,-1.6
2022-08-29,3412.81,0.86
2022-08-30,3347.49,-1.91
2022-08-31,3297.49,-1.49
2022-09-01,3318.53,0.64
2022-09-02,3283.54,-1.05
2022-09-05,3357.81,2.26
2022-09-06,3415.59,1.72
2022-09-07,3427.91,0.36
2022-09-08,3404.5,-0.68
2022-09-09,3439.72,1.03
2022-09-13,3417.26,-0.65
2022-09-14,3369.99,-1.38
2022-09-15,3343.35,-0.79
2022-09-16,3217.37,-3.77
2022-09-19,3212.53,-0.15
2022-09-20,3238.77,0.82
2022-09-21,3270.53,0.98
2022-09-22,3308.86,1.17
2022-09-23,3254.25,-1.65
2022-09-26,3138.0,-3.57
2022-09-27,3146.46,0.27
2022-09-28,3090.29,-1.79
2022-09-29,3123.11,1.06
2022-09-30,3135.19,0.39
2022-10-10,3142.54,0.23
2022-10-11,3150.12,0.24
2022-10-12,3185.3,1.12
2022-10-13,3117.45,-2.13
2022-10-14,3155.35,1.22
2022-10-17,3153.76,-0.05
2022-10-18,3150.21,-0.11
2022-10-19,3138.52,-0.37
2022-10-20,3096.66,-1.33
2022-10-21,3107.65,0.35
2022-10-24,3044.53,-2.03
2022-10-25,3036.39,-0.27
2022-10-26,3026.0,-0.34
2022-10-27,3047.26,0.7
2022-10-28,2986.17,-2.0
2022-10-31,2914.31,-2.41
2022-11-01,2970.46,1.93
2022-11-02,3027.07,1.91
2022-11-03,3006.92,-0.67
2022-11-04,3088.05,2.7
2022-11-07,3130.53,1.38
2022-11-08,3107.33,-0.74
2022-11-09,3087.54,-0.64
2022-11-10,3086.44,-0.04
2022-11-11,3134.46,1.56
2022-11-14,3099.53,-1.11
2022-11-15,3133.76,1.1
2022-11-16,3135.68,0.06
2022-11-17,3087.73,-1.53
2022-11-18,3072.05,-0.51
2022-11-21,3066.6,-0.18
2022-11-22,3116.32,1.62
2022-11-23,3137.17,0.67
2022-11-24,3134.98,-0.07
2022-11-25,3186.54,1.64
2022-11-28,3167.65,-0.59
2022-11-29,3218.24,1.6
2022-11-30,3250.34,1.0
2022-12-01,3255.21,0.15
2022-12-02,3231.59,-0.73
2022-12-05,3341.14,3.39
2022-12-06,3322.91,-0.55
2022-12-07,3303.18,-0.59
2022-12-08,3293.91,-0.28
2022-12-09,3314.1,0.61
2022-12-12,3246.39,-2.04
2022-12-13,3250.57,0.13
2022-12-14,3208.32,-1.3
2022-12-15,3165.79,-1.33
2022-12-16,3194.94,0.92
2022-12-19,3114.5,-2.52
2022-12-20,3093.82,-0.66
2022-12-21,3087.8,-0.19
2022-12-22,3050.95,-1.19
2022-12-23,3055.02,0.13
2022-12-26,3051.54,-0.11
2022-12-27,3090.8,1.29
2022-12-28,3078.62,-0.39
2022-12-29,3024.67,-1.75
2022-12-30,3033.53,0.29
2023-01-03,3074.39,1.35
2023-01-04,3046.25,-0.92
2023-01-05,3055.02,0.29
2023-01-06,3072.25,0.56
2023-01-09,3094.89,0.74
2023-01-10,3078.63,-0.53
2023-01-11,3141.11,2.03
2023-01-12,3145.43,0.14
2023-01-13,3162.08,0.53
2023-01-16,3168.52,0.2
2023-01-17,3158.48,-0.32
2023-01-18,3180.41,0.69
2023-01-19,3190.53,0.32
2023-01-20,3246.78,1.76
2023-01-30,3214.81,-0.98
2023-01-31,3226.34,0.36
2023-02-01,3261.03,1.08
2023-02-02,3268.91,0.24
2023-02-03,3230.74,-1.17
2023-02-06,3205.16,-0.79
2023-02-07,3219.11,0.44
2023-02-08,3194.14,-0.78
2023-02-09,3215.74,0.68
2023-02-10,3188.25,-0.85
2023-02-13,3194.48,0.2
2023-02-14,3210.14,0.49
2023-02-15,3194.11,-0.5
2023-02-16,3157.56,-1.14
2023-02-17,3166.09,0.27
2023-02-20,3261.89,3.03
2023-02-21,3318.53,1.74
2023-02-22,3314.48,-0.12
2023-02-23,3321.36,0.21
2023-02-24,3302.18,-0.58
2023-02-27,3304.36,0.07
2023-02-28,3309.93,0.17
2023-03-01,3348.91,1.18
2023-03-02,3373.42,0.73
2023-03-03,3398.55,0.74
2023-03-06,3360.34,-1.12
2023-03-07,3373.78,0.4
2023-03-08,3354.18,-0.58
2023-03-09,3344.89,-0.28
2023-03-10,3271.82,-2.18
2023-03-13,3329.63,1.77
2023-03-14,3295.1,-1.04
2023-03-15,3328.35,1.01
2023-03-16,3236.12,-2.77
2023-03-17,3296.87,1.88
2023-03-20,3269.35,-0.83
2023-03-21,3259.27,-0.31
2023-03-22,3278.84,0.6
2023-03-23,3320.49,1.27
2023-03-24,3279.0,-1.25
2023-03-27,3271.28,-0.24
2023-03-28,3267.53,-0.11
2023-03-29,3242.99,-0.75
2023-03-30,3316.76,2.27
2023-03-31,3308.06,-0.26
2023-04-03,3309.88,0.05
2023-04-04,3336.61,0.81
2023-04-06,3310.91,-0.77
2023-04-07,3305.47,-0.16
2023-04-10,3310.4,0.15
2023-04-11,3313.77,0.1
2023-04-12,3380.52,2.01
2023-04-13,3378.77,-0.05
2023-04-14,3402.68,0.71
2023-04-17,3496.61,2.76
2023-04-18,3530.49,0.97
2023-04-19,3514.89,-0.44
2023-04-20,3514.86,0.0
2023-04-21,3455.31,-1.69
2023-04-24,3428.72,-0.77
2023-04-25,3426.19,-0.07
2023-04-26,3426.31,0.0
2023-04-27,3414.16,-0.35
2023-04-28,3487.71,2.15
2023-05-04,3517.11,0.84
2023-05-05,3494.1,-0.65
2023-05-08,3632.56,3.96
2023-05-09,3591.92,-1.12
2023-05-10,3537.75,-1.51
2023-05-11,3519.88,-0.5
2023-05-12,3461.98,-1.64
2023-05-15,3484.42,0.65
2023-05-16,3464.69,-0.57
2023-05-17,3440.11,-0.71
2023-05-18,3457.86,0.52
2023-05-19,3433.58,-0.7
2023-05-22,3425.41,-0.24
2023-05-23,3383.51,-1.22
2023-05-24,3328.77,-1.62
2023-05-25,3299.8,-0.87
2023-05-26,3270.38,-0.89
2023-05-29,3298.28,0.85
2023-05-30,3297.5,-0.02
2023-05-31,3220.74,-2.33
2023-06-01,3228.35,0.24
2023-06-02,3260.14,0.98
2023-06-05,3278.49,0.56
2023-06-06,3275.9,-0.08
2023-06-07,3272.62,-0.1
2023-06-08,3309.24,1.12
2023-06-09,3315.11,0.18
2023-06-12,3323.23,0.24
2023-06-13,3293.2,-0.9
2023-06-14,3308.12,0.45
2023-06-15,3328.18,0.61
2023-06-16,3347.5,0.58
2023-06-19,3316.83,-0.92
2023-06-20,3287.71,-0.88
2023-06-21,3248.41,-1.2
2023-06-26,3216.35,-0.99
2023-06-27,3273.5,1.78
2023-06-28,3264.6,-0.27
2023-06-29,3237.45,-0.83
2023-06-30,3273.69,1.12
2023-07-03,3332.76,1.8
2023-07-04,3356.36,0.71
2023-07-05,3342.61,-0.41
2023-07-06,3327.5,-0.45
2023-07-07,3344.62,0.51
2023-07-10,3357.19,0.38
2023-07-11,3338.85,-0.55
2023-07-12,3308.37,-0.91
2023-07-13,3335.26,0.81
2023-07-14,3320.68,-0.44
2023-07-17,3252.01,-2.07
2023-07-18,3250.53,-0.05
2023-07-19,3264.69,0.44
2023-07-20,3256.02,-0.27
2023-07-21,3235.64,-0.63
2023-07-24,3208.98,-0.82
2023-07-25,3280.6,2.23
2023-07-26,3271.67,-0.27
2023-07-27,3248.05,-0.72
2023-07-28,3287.57,1.22
2023-07-31,3282.78,-0.15
2023-08-01,3283.16,0.01
2023-08-02,3244.01,-1.19
2023-08-03,3243.3,-0.02
2023-08-04,3237.31,-0.18
2023-08-07,3226.21,-0.34
2023-08-08,3233.65,0.23
2023-08-09,3207.78,-0.8
2023-08-10,3252.44,1.39
2023-08-11,3188.41,-1.97
2023-08-14,3176.11,-0.39
2023-08-15,3174.17,-0.06
2023-08-16,3148.22,-0.82
2023-08-17,3154.94,0.21
2023-08-18,3130.35,-0.78
2023-08-21,3088.08,-1.35
2023-08-22,3117.31,0.95
2023-08-23,3119.54,0.07
2023-08-24,3122.16,0.08
2023-08-25,3099.9,-0.71
2023-08-28,3164.86,2.1
2023-08-29,3179.38,0.46
2023-08-30,3180.68,0.04
2023-08-31,3172.27,-0.26
2023-09-01,3260.49,2.78
2023-09-04,3330.85,2.16
2023-09-05,3330.39,-0.01
2023-09-06,3329.04,-0.04
2023-09-07,3321.39,-0.23
2023-09-08,3282.77,-1.16
2023-09-11,3317.38,1.05
2023-09-12,3309.91,-0.23
2023-09-13,3322.41,0.38
2023-09-14,3388.65,1.99
2023-09-15,3379.35,-0.27
2023-09-18,3397.26,0.53
2023-09-19,3408.72,0.34
2023-09-20,3410.1,0.04
2023-09-21,3391.19,-0.55
2023-09-22,3395.0,0.11
2023-09-25,3398.24,0.1
2023-09-26,3379.05,-0.56
2023-09-27,3378.45,-0.02
2023-09-28,3397.79,0.57
2023-10-09,3409.58,0.35
2023-10-10,3344.45,-1.91
2023-10-11,3325.55,-0.57
2023-10-12,3344.69,0.58
2023-10-13,3340.28,-0.13
2023-10-16,3354.13,0.41
2023-10-17,3375.51,0.64
2023-10-18,3341.8,-1.0
2023-10-19,3281.74,-1.8
2023-10-20,3270.59,-0.34
2023-10-23,3233.98,-1.12
2023-10-24,3258.29,0.75
2023-10-25,3275.41,0.53
2023-10-26,3265.35,-0.31
2023-10-27,3282.82,0.53
2023-10-30,3259.86,-0.7
2023-10-31,3273.79,0.43
2023-11-01,3261.68,-0.37
2023-11-02,3255.66,-0.18
2023-11-03,3259.52,0.12
2023-11-06,3222.75,-1.13
2023-11-07,3229.89,0.22
2023-11-08,3224.66,-0.16
2023-11-09,3273.75,1.52
2023-11-10,3287.71,0.43
2023-11-13,3290.87,0.1
2023-11-14,3271.7,-0.58
2023-11-15,3298.05,0.81
2023-11-16,3295.37,-0.08
2023-11-17,3293.13,-0.07
2023-11-20,3294.72,0.05
2023-11-21,3298.46,0.11
2023-11-22,3283.53,-0.45
2023-11-23,3321.02,1.14
2023-11-24,3335.74,0.44
2023-11-27,3347.21,0.34
2023-11-28,3346.91,-0.01
2023-11-29,3363.78,0.5
2023-11-30,3374.53,0.32
2023-12-01,3381.01,0.19
2023-12-04,3401.55,0.61
2023-12-05,3348.67,-1.55
2023-12-06,3349.24,0.02
2023-12-07,3336.74,-0.37
2023-12-08,3334.69,-0.06
2023-12-11,3364.57,0.9
2023-12-12,3385.78,0.63
2023-12-13,3341.26,-1.31
2023-12-14,3343.73,0.07
2023-12-15,3323.39,-0.61
2023-12-18,3332.87,0.29
2023-12-19,3330.63,-0.07
2023-12-20,3315.15,-0.46
2023-12-21,3323.56,0.25
2023-12-22,3346.3,0.68
2023-12-25,3354.15,0.23
2023-12-26,3334.0,-0.6
2023-12-27,3371.36,1.12
2023-12-28,3369.74,-0.05
2023-12-29,3401.94,0.96
2024-01-02,3453.08,1.5
2024-01-03,3487.9,1.01
2024-01-04,3509.96,0.63
2024-01-05,3490.61,-0.55
2024-01-08,3474.88,-0.45
2024-01-09,3489.54,0.42
2024-01-10,3462.19,-0.78
2024-01-11,3449.77,-0.36
2024-01-12,3468.9,0.55
2024-01-15,3502.53,0.97
2024-01-16,3505.89,0.1
2024-01-17,3458.62,-1.35
2024-01-18,3444.48,-0.41
2024-01-19,3408.29,-1.05
2024-01-22,3309.03,-2.91
2024-01-23,3356.54,1.44
2024-01-24,3442.12,2.55
2024-01-25,3571.54,3.76
2024-01-26,3609.87,1.07
2024-01-29,3592.93,-0.47
2024-01-30,3541.27,-1.44
2024-01-31,3538.48,-0.08
2024-02-01,3487.11,-1.45
2024-02-02,3477.0,-0.29
2024-02-05,3484.1,0.2
2024-02-06,3556.12,2.07
2024-02-07,3636.22,2.25
2024-02-08,3632.47,-0.1
2024-02-19,3757.48,3.44
2024-02-20,3780.15,0.6
2024-02-21,3776.15,-0.11
2024-02-22,3876.15,2.65
2024-02-23,3855.03,-0.54
2024-02-26,3800.66,-1.41
2024-02-27,3837.87,0.98
2024-02-28,3790.28,-1.24
2024-02-29,3839.83,1.31
2024-03-01,3851.09,0.29
2024-03-04,3939.93,2.31
2024-03-05,3949.63,0.25
2024-03-06,3960.59,0.28
2024-03-07,4009.13,1.23
2024-03-08,4072.77,1.59
2024-03-11,4047.22,-0.63
2024-03-12,3970.68,-1.89
2024-03-13,3978.53,0.2
2024-03-14,3995.64,0.43
2024-03-15,4022.52,0.67
2024-03-18,4042.2,0.49
2024-03-19,4013.44,-0.71
2024-03-20,4024.9,0.29
2024-03-21,4024.57,-0.01
2024-03-22,3990.39,-0.85
2024-03-25,3992.25,0.05
2024-03-26,3971.71,-0.51
2024-03-27,3930.21,-1.04
2024-03-28,3972.75,1.08
2024-03-29,4031.26,1.47
2024-04-01,4066.0,0.86
2024-04-02,4089.15,0.57
2024-04-03,4166.76,1.9
2024-04-08,4128.06,-0.93
2024-04-09,4117.48,-0.26
2024-04-10,4127.49,0.24
2024-04-11,4181.04,1.3
2024-04-12,4191.5,0.25
2024-04-15,4280.32,2.12
2024-04-16,4178.29,-2.38
2024-04-17,4275.74,2.33
2024-04-18,4272.24,-0.08
2024-04-19,4295.51,0.54
2024-04-22,4208.54,-2.02
2024-04-23,4116.46,-2.19
2024-04-24,4129.03,0.31
2024-04-25,4164.91,0.87
2024-04-26,4195.2,0.73
2024-04-29,4193.05,-0.05
2024-04-30,4224.6,0.75
2024-05-06,4315.37,2.15
2024-05-07,4348.9,0.78
2024-05-08,4356.21,0.17
2024-05-09,4450.02,2.15
2024-05-10,4460.04,0.23
2024-05-13,4479.33,0.43
2024-05-14,4480.59,0.03
2024-05-15,4461.93,-0.42
2024-05-16,4423.46,-0.86
2024-05-17,4435.12,0.26
2024-05-20,4541.82,2.41
2024-05-21,4524.38,-0.38
2024-05-22,4475.01,-1.09
2024-05-23,4394.78,-1.79
2024-05-24,4380.43,-0.33
2024-05-27,4501.67,2.77
2024-05-28,4500.68,-0.02
2024-05-29,4535.03,0.76
2024-05-30,4469.7,-1.44
2024-05-31,4465.66,-0.09
2024-06-03,4476.98,0.25
2024-06-04,4517.27,0.9
2024-06-05,4445.89,-1.58
2024-06-06,4489.2,0.97
2024-06-07,4511.19,0.49
2024-06-11,4393.04,-2.62
2024-06-12,4465.86,1.66
2024-06-13,4407.41,-1.31
2024-06-14,4413.12,0.13
2024-06-17,4375.14,-0.86
2024-06-18,4397.48,0.51
2024-06-19,4350.48,-1.07
2024-06-20,4326.89,-0.54
2024-06-21,4330.6,0.09
2024-06-24,4254.07,-1.77
2024-06-25,4266.35,0.29
2024-06-26,4279.68,0.31
2024-06-27,4196.36,-1.95
2024-06-28,4204.71,0.2
2024-07-01,4291.43,2.06
2024-07-02,4238.83,-1.23
2024-07-03,4198.28,-0.96
2024-07-04,4151.58,-1.11
2024-07-05,4177.96,0.64
2024-07-08,4137.01,-0.98
2024-07-09,4199.2,1.5
2024-07-10,4124.14,-1.79
2024-07-11,4210.92,2.1
2024-07-12,4183.96,-0.64
2024-07-15,4196.46,0.3
2024-07-16,4193.5,-0.07
2024-07-17,4112.23,-1.94
2024-07-18,4136.54,0.59
2024-07-19,4103.05,-0.81
2024-07-22,4085.22,-0.43
2024-07-23,3962.97,-2.99
2024-07-24,3909.01,-1.36
2024-07-25,3912.54,0.09
2024-07-26,4001.97,2.29
2024-07-29,3977.8,-0.6
2024-07-30,3917.07,-1.53
2024-07-31,4046.59,3.31
2024-08-01,4022.01,-0.61
2024-08-02,3980.42,-1.03
2024-08-05,3912.89,-1.7
2024-08-06,3927.46,0.37
2024-08-07,3942.57,0.38
2024-08-08,3942.88,0.01
2024-08-09,3924.12,-0.48
2024-08-12,3943.55,0.5
2024-08-13,3944.76,0.03
2024-08-14,3909.22,-0.9
2024-08-15,3941.64,0.83
2024-08-16,3945.88,0.11
2024-08-19,3960.17,0.36
2024-08-20,3883.24,-1.94
2024-08-21,3867.33,-0.41
2024-08-22,3842.25,-0.65
2024-08-23,3863.2,0.55
2024-08-26,3868.04,0.13
2024-08-27,3849.18,-0.49
2024-08-28,3808.13,-1.07
2024-08-29,3822.74,0.38
2024-08-30,3894.95,1.89
2024-09-02,3863.85,-0.8
2024-09-03,3899.57,0.92
2024-09-04,3877.35,-0.57
2024-09-05,3868.59,-0.23
2024-09-06,3816.77,-1.34
2024-09-09,3769.83,-1.23
2024-09-10,3756.7,-0.35
2024-09-11,3739.87,-0.45
2024-09-12,3730.07,-0.26
2024-09-13,3717.72,-0.33
2024-09-18,3770.68,1.42
2024-09-19,3853.19,2.19
2024-09-20,3857.22,0.1
2024-09-23,3870.9,0.35
2024-09-24,4064.41,5.0
2024-09-25,4092.02,0.68
2024-09-26,4311.69,5.37
2024-09-27,4496.29,4.28
2024-09-30,4852.46,7.92
2024-10-08,4891.97,0.81
2024-10-09,4494.83,-8.12
2024-10-10,4603.88,2.43
2024-10-11,4516.57,-1.9
2024-10-14,4630.45,2.52
2024-10-15,4488.09,-3.07
2024-10-16,4493.05,0.11
2024-10-17,4431.09,-1.38
2024-10-18,4505.79,1.69
2024-10-21,4528.82,0.51
2024-10-22,4595.51,1.47
2024-10-23,4594.67,-0.02
2024-10-24,4565.49,-0.64
2024-10-25,4589.65,0.53
2024-10-28,4675.08,1.86
2024-10-29,4568.25,-2.29
2024-10-30,4499.01,-1.52
2024-10-31,4486.24,-0.28
2024-11-01,4516.87,0.68
2024-11-04,4552.02,0.78
2024-11-05,4618.49,1.46
2024-11-06,4611.26,-0.16
2024-11-07,4753.23,3.08
2024-11-08,4706.04,-0.99
2024-11-11,4674.0,-0.68
2024-11-12,4640.23,-0.72
2024-11-13,4652.5,0.26
2024-11-14,4562.3,-1.94
2024-11-15,4528.91,-0.73
2024-11-18,4498.53,-0.67
2024-11-19,4535.43,0.82
2024-11-20,4579.46,0.97
2024-11-21,4584.61,0.11
2024-11-22,4432.74,-3.31
2024-11-25,4430.35,-0.05
2024-11-26,4420.95,-0.21
2024-11-27,4474.18,1.2
2024-11-28,4428.31,-1.03
2024-11-29,4490.49,1.4
2024-12-02,4542.09,1.15
2024-12-03,4548.05,0.13
2024-12-04,4549.7,0.04
2024-12-05,4539.75,-0.22
2024-12-06,4587.93,1.06
2024-12-09,4568.47,-0.42
2024-12-10,4597.74,0.64
2024-12-11,4694.73,2.11
2024-12-12,4738.95,0.94
2024-12-13,4633.98,-2.22
2024-12-16,4640.88,0.15
2024-12-17,4627.0,-0.3
2024-12-18,4636.07,0.2
2024-12-19,4605.82,-0.65
2024-12-20,4546.51,-1.29
2024-12-23,4557.14,0.23
2024-12-24,4605.55,1.06
2024-12-25,4620.67,0.33
2024-12-26,4605.39,-0.33
2024-12-27,4607.26,0.04
2024-12-30,4643.49,0.79
2024-12-31,4609.26,-0.74
2025-01-02,4533.36,-1.65
2025-01-03,4512.53,-0.46
2025-01-06,4488.72,-0.53
2025-01-07,4472.69,-0.36
2025-01-08,4474.98,0.05
2025-01-09,4428.01,-1.05
2025-01-10,4377.4,-1.14
2025-01-13,4379.36,0.05
2025-01-14,4455.63,1.74
2025-01-15,4429.64,-0.58
2025-01-16,4484.5,1.24
2025-01-17,4483.19,-0.03
2025-01-20,4467.48,-0.35
2025-01-21,4429.81,-0.84
2025-01-22,4389.69,-0.91
2025-01-23,4398.15,0.19
2025-01-24,4418.41,0.46
2025-01-27,4446.9,0.64
2025-02-05,4369.46,-1.74
2025-02-06,4377.33,0.18
2025-02-07,4424.3,1.07
2025-02-10,4410.23,-0.32
2025-02-11,4426.97,0.38
2025-02-12,4408.94,-0.41
2025-02-13,4394.94,-0.32
2025-02-14,4406.11,0.25
2025-02-17,4364.99,-0.93
2025-02-18,4322.65,-0.97
2025-02-19,4309.52,-0.3
2025-02-20,4303.96,-0.13
2025-02-21,4293.95,-0.23
2025-02-24,4286.03,-0.18
2025-02-25,4226.65,-1.39
2025-02-26,4253.14,0.63
2025-02-27,4272.5,0.46
2025-02-28,4245.41,-0.63
2025-03-03,4245.27,0.0
2025-03-04,4232.13,-0.31
2025-03-05,4235.85,0.09
2025-03-06,4261.58,0.61
2025-03-07,4288.29,0.63
2025-03-10,4310.12,0.51
2025-03-11,4332.26,0.51
2025-03-12,4324.14,-0.19
2025-03-13,4369.94,1.06
2025-03-14,4424.82,1.26
2025-03-17,4414.62,-0.23
2025-03-18,4431.07,0.37
2025-03-19,4427.62,-0.08
2025-03-20,4419.86,-0.18
2025-03-21,4400.92,-0.43
2025-03-24,4446.87,1.04
2025-03-25,4471.91,0.56
2025-03-26,4456.95,-0.33
2025-03-27,4451.73,-0.12
2025-03-28,4412.26,-0.89
2025-03-31,4405.09,-0.16
2025-04-01,4432.49,0.62
2025-04-02,4425.27,-0.16
2025-04-03,4385.65,-0.9
2025-04-07,4054.06,-7.56
2025-04-08,4169.86,2.86
2025-04-09,4197.75,0.67
2025-04-10,4257.42,1.42
2025-04-11,4213.52,-1.03
2025-04-14,4264.82,1.22
2025-04-15,4284.28,0.46
2025-04-16,4292.42,0.19
2025-04-17,4287.28,-0.12
2025-04-18,4281.34,-0.14
2025-04-21,4285.29,0.09
2025-04-22,4289.17,0.09
2025-04-23,4294.89,0.13
2025-04-24,4310.57,0.37
2025-04-25,4310.68,0.0
2025-04-28,4306.46,-0.1
2025-04-29,4294.02,-0.29
2025-04-30,4268.71,-0.59
2025-05-06,4297.6,0.68
2025-05-07,4325.16,0.64
2025-05-08,4327.16,0.05
2025-05-09,4336.47,0.22
2025-05-12,4367.51,0.72
2025-05-13,4391.34,0.54
2025-05-14,4450.61,1.35
2025-05-15,4428.99,-0.49
2025-05-16,4408.72,-0.46
2025-05-19,4415.49,0.15
2025-05-20,4431.06,0.35
2025-05-21,4495.94,1.46
2025-05-22,4482.4,-0.3
2025-05-23,4450.29,-0.72
2025-05-26,4437.51,-0.29
2025-05-27,4412.23,-0.57
2025-05-28,4449.61,0.85
2025-05-29,4464.67,0.34
2025-05-30,4453.08,-0.26
2025-06-03,4424.85,-0.63
2025-06-04,4435.24,0.23
2025-06-05,4421.8,-0.3
2025-06-06,4428.76,0.16
2025-06-09,4441.58,0.29
2025-06-10,4437.3,-0.1
2025-06-11,4457.26,0.45
2025-06-12,4418.55,-0.87
2025-06-13,4406.52,-0.27
2025-06-16,4379.46,-0.61
2025-06-17,4384.04,0.1
2025-06-18,4374.98,-0.21
2025-06-19,4328.49,-1.06
2025-06-20,4347.93,0.45
2025-06-23,4351.9,0.09
2025-06-24,4377.78,0.59
2025-06-25,4357.61,-0.46
2025-06-26,4356.4,-0.03
2025-06-27,4374.66,0.42
2025-06-30,4379.79,0.12
2025-07-01,4400.51,0.47
2025-07-02,4445.1,1.01
2025-07-03,4458.39,0.3
2025-07-04,4451.63,-0.15
2025-07-07,4433.36,-0.41
2025-07-08,4452.9,0.44
2025-07-09,4435.04,-0.4
2025-07-10,4475.75,0.92
2025-07-11,4486.59,0.24
2025-07-14,4495.65,0.2
2025-07-15,4468.93,-0.59
2025-07-16,4464.2,-0.1
2025-07-17,4467.86,0.08
2025-07-18,4498.58,0.69
2025-07-21,4575.43,1.71
2025-07-22,4674.56,2.17
2025-07-23,4656.71,-0.38
2025-07-24,4695.32,0.83
2025-07-25,4662.2,-0.7
2025-07-28,4625.9,-0.78
2025-07-29,4629.03,0.07
2025-07-30,4648.85,0.43
2025-07-31,4536.95,-2.41
2025-08-01,4535.9,-0.02
2025-08-04,4556.17,0.45
2025-08-05,4593.71,0.82
2025-08-06,4631.89,0.83
2025-08-07,4638.64,0.14
2025-08-08,4662.62,0.52
2025-08-11,4664.92,0.05
2025-08-12,4682.45,0.37
2025-08-13,4716.53,0.73
2025-08-14,4677.14,-0.83
2025-08-15,4739.09,1.32
2025-08-18,4723.57,-0.33
2025-08-19,4718.51,-0.11
2025-08-20,4769.81,1.09
2025-08-21,4794.31,0.51
2025-08-22,4808.11,0.29
2025-08-25,4929.53,2.53
2025-08-26,4974.73,0.92
2025-08-27,4867.28,-2.16
2025-08-28,4896.51,0.6
2025-08-29,4881.04,-0.32
2025-09-01,4910.82,0.61
2025-09-02,4907.24,-0.07
2025-09-03,4862.18,-0.92
2025-09-04,4773.02,-1.83
2025-09-05,4854.04,1.7
2025-09-08,4885.53,0.65
2025-09-09,4872.05,-0.27
2025-09-10,4846.46,-0.53
2025-09-11,4915.84,1.43
2025-09-12,4932.77,0.34
2025-09-15,4916.84,-0.32
2025-09-16,4890.64,-0.53
2025-09-17,4914.04,0.48
2025-09-18,4825.48,-1.8
2025-09-19,4856.05,0.63
2025-09-22,4797.89,-1.2
2025-09-23,4778.34,-0.41
2025-09-24,4812.46,0.71
2025-09-25,4815.7,0.07
2025-09-26,4822.78,0.15
2025-09-29,4862.9,0.83
2025-09-30,4887.71,0.51
2025-10-09,4990.68,2.11
2025-10-10,4998.82,0.16
2025-10-13,4967.71,-0.62
2025-10-14,4979.94,0.25
2025-10-15,5019.53,0.8
2025-10-16,5008.17,-0.23
2025-10-17,4935.36,-1.45
2025-10-20,4951.32,0.32
2025-10-21,4983.66,0.65
2025-10-22,4995.22,0.23
2025-10-23,5046.65,1.03
2025-10-24,5030.75,-0.31
2025-10-27,5085.02,1.08
2025-10-28,5039.52,-0.89
2025-10-29,5106.35,1.33
2025-10-30,5110.52,0.08
2025-10-31,5085.21,-0.5
2025-11-03,5125.63,0.79
2025-11-04,5068.71,-1.11
2025-11-05,5083.17,0.29
2025-11-06,5182.84,1.96
2025-11-07,5213.83,0.6
2025-11-10,5291.19,1.48
2025-11-11,5271.15,-0.38
2025-11-12,5309.18,0.72
2025-11-13,5353.68,0.84
2025-11-14,5304.96,-0.91
2025-11-17,5249.37,-1.05
2025-11-18,5162.2,-1.66
2025-11-19,5203.86,0.81
2025-11-20,5172.66,-0.6
2025-11-21,5071.96,-1.95
2025-11-24,5045.69,-0.52
2025-11-25,5076.16,0.6
2025-11-26,5080.0,0.08
2025-11-27,5083.44,0.07
2025-11-28,5095.46,0.24
2025-12-01,5177.12,1.6
2025-12-02,5169.5,-0.15
2025-12-03,5204.07,0.67
2025-12-04,5198.99,-0.1
2025-12-05,5256.13,1.1
2025-12-08,5229.03,-0.52
2025-12-09,5131.3,-1.87
2025-12-10,5153.54,0.43
2025-12-11,5118.42,-0.68
2025-12-12,5143.33,0.49
2025-12-15,5142.28,-0.02
2025-12-16,5097.02,-0.88
2025-12-17,5155.83,1.15
2025-12-18,5154.46,-0.03
2025-12-19,5191.61,0.72
2025-12-22,5198.33,0.13
2025-12-23,5193.18,-0.1
2025-12-24,5207.56,0.28
2025-12-25,5201.88,-0.11
2025-12-26,5241.07,0.75
2025-12-29,5235.63,-0.1
2025-12-30,5268.83,0.63
2025-12-31,5267.77,-0.02
2026-01-05,5298.79,0.59
2026-01-06,5407.94,2.06
2026-01-07,5356.32,-0.95
2026-01-08,5334.49,-0.41
2026-01-09,5362.51,0.53
2026-01-12,5373.87,0.21
2026-01-13,5401.91,0.52
2026-01-14,5394.92,-0.13
2026-01-15,5411.1,0.3
2026-01-16,5371.91,-0.72
2026-01-19,5453.34,1.52
2026-01-20,5505.9,0.96
2026-01-21,5520.81,0.27
2026-01-22,5573.11,0.95
2026-01-23,5585.74,0.23
2026-01-26,5638.84,0.95
2026-01-27,5606.5,-0.57
2026-01-28,5726.77,2.15
2026-01-29,5817.38,1.58
2026-01-30,5685.26,-2.27
2026-02-02,5461.24,-3.94
2026-02-03,5544.54,1.52
2026-02-04,5637.99,1.69
2026-02-05,5575.83,-1.1
2026-02-06,5566.28,-0.17
2026-02-09,5620.4,0.97
2026-02-10,5610.28,-0.18
2026-02-11,5653.73,0.77
2026-02-12,5644.19,-0.17
2026-02-13,5548.83,-1.69
2026-02-24,5704.83,2.81
2026-02-25,5753.03,0.84
2026-02-26,5752.19,-0.01
2026-02-27,5801.32,0.85
2026-03-02,5910.8,1.89
2026-03-03,5896.43,-0.24
2026-03-04,5842.72,-0.91
2026-03-05,5879.4,0.63
2026-03-06,5914.61,0.6
2026-03-09,5945.04,0.51
2026-03-10,5902.59,-0.71
2026-03-11,5976.04,1.24
2026-03-12,6025.37,0.83
2026-03-13,5964.53,-1.01
2026-03-16,5891.37,-1.23
2026-03-17,5843.63,-0.81
2026-03-18,5806.72,-0.63
2026-03-19,5731.29,-1.3
2026-03-20,5686.24,-0.79
2026-03-23,5504.79,-3.19
2026-03-24,5579.04,1.35
2026-03-25,5626.57,0.85
2026-03-26,5587.31,-0.7
2026-03-27,5611.55,0.43
2026-03-30,5618.63,0.13
2026-03-31,5564.36,-0.97
2026-04-01,5595.53,0.56
2026-04-02,5573.18,-0.4
2026-04-03,5510.02,-1.13
2026-04-07,5531.18,0.38
2026-04-08,5617.56,1.56
2026-04-09,5595.22,-0.4
2026-04-10,5622.78,0.49
2026-04-13,5605.2,-0.31
2026-04-14,5613.38,0.14
2026-04-15,5591.72,-0.39
2026-04-16,5626.14,0.62
2026-04-17,5582.89,-0.77
2026-04-20,5565.08,-0.32
2026-04-21,5572.35,0.13
2026-04-22,5557.6,-0.26
2026-04-23,5553.5,-0.07
2026-04-24,5524.3,-0.53
2026-04-27,5526.01,0.03
2026-04-28,5553.26,0.49
2026-04-29,5644.88,1.65
2026-04-30,5606.57,-0.68
2026-05-06,5596.21,-0.18
2026-05-07,5546.0,-0.9
2026-05-08,5535.73,-0.19
2026-05-11,5552.84,0.31
2026-05-12,5506.63,-0.83
2026-05-13,5519.51,0.23
2026-05-14,5469.39,-0.91
2026-05-15,5408.66,-1.11
2026-05-18,5367.84,-0.75
2026-05-19,5413.69,0.85
2026-05-20,5360.19,-0.99
2026-05-21,5255.42,-1.95
2026-05-22,5239.74,-0.3
2026-05-25,5207.04,-0.62
2026-05-26,5252.99,0.88
2026-05-27,5187.93,-1.24
2026-05-28,5144.7,-0.83
2026-05-29,5170.33,0.5
2026-06-01,5204.44,0.66
2026-06-02,5213.91,0.18
2026-06-03,5203.57,-0.2
2026-06-04,5114.48,-1.71
2026-06-05,5106.24,-0.16
2026-06-08,5024.88,-1.59
2026-06-09,5010.22,-0.29
2026-06-10,4982.09,-0.56
2026-06-11,4959.19,-0.46
2026-06-12,4998.58,0.79
2026-06-15,5002.21,0.07
2026-06-16,4899.69,-2.05
2026-06-17,4868.1,-0.64
2026-06-18,4824.52,-0.89
2026-06-22,4872.43,0.99
2026-06-23,4771.75,-2.07
2026-06-24,4721.78,-1.05
2026-06-25,4712.1,-0.21
2026-06-26,4588.38,-2.62
2026-06-29,4643.86,1.21
2026-06-30,4612.17,-0.68
2026-07-01,4699.76,1.9
2026-07-02,4702.22,0.05
2026-07-03,4736.24,0.72
2026-07-06,4773.76,0.79
2026-07-07,4681.88,-1.92
2026-07-08,4631.11,-1.08
2026-07-09,4600.79,-0.65
2026-07-10,4639.61,0.84
2026-07-13,4579.81,-1.29
2026-07-14,4710.17,2.85
2026-07-15,4792.0,1.74
2026-07-16,4768.53,-0.49
2026-07-17,4691.26,-1.62
2026-07-20,4834.72,3.06
2026-07-21,4838.14,0.07
2026-07-22,4852.78,0.3
2026-07-23,4913.98,1.26
2026-07-24,4798.09,-2.36
2026-07-27,4841.37,0.9
2026-07-28,4836.95,-0.09
2026-07-29,4936.36,2.05
2026-07-30,4964.98,0.58
2026-07-31,4967.36,0.05
2026-08-03,4944.72,-0.46
