date,close
2015-07-13,0.958
2015-07-14,0.967
2015-07-15,0.963
2015-07-16,0.966
2015-07-17,0.989
2015-07-20,0.99
2015-07-21,0.994
2015-07-22,1.002
2015-07-23,1.006
2015-07-24,1.007
2015-07-27,0.993
2015-07-28,0.978
2015-07-29,0.988
2015-07-30,0.988
2015-07-31,0.985
2015-08-03,0.991
2015-08-04,0.988
2015-08-05,0.986
2015-08-06,0.991
2015-08-07,0.98
2015-08-10,0.975
2015-08-11,1.004
2015-08-12,0.992
2015-08-13,0.999
2015-08-14,1.0
2015-08-17,0.993
2015-08-18,0.998
2015-08-19,0.995
2015-08-20,0.989
2015-08-21,0.944
2015-08-24,0.862
2015-08-25,0.855
2015-08-26,0.86
2015-08-27,0.899
2015-08-28,0.921
2015-08-31,0.929
2015-09-01,0.909
2015-09-02,0.898
2015-09-07,0.91
2015-09-08,0.915
2015-09-09,0.92
2015-09-10,0.914
2015-09-11,0.92
2015-09-14,0.929
2015-09-15,0.912
2015-09-16,0.94
2015-09-17,0.941
2015-09-18,0.948
2015-09-21,0.933
2015-09-22,0.935
2015-09-23,0.926
2015-09-24,0.915
2015-09-25,0.915
2015-09-28,0.906
2015-09-29,0.871
2015-09-30,0.878
2015-10-08,0.924
2015-10-09,0.927
2015-10-12,0.929
2015-10-13,0.93
2015-10-14,0.929
2015-10-15,0.926
2015-10-16,0.941
2015-10-19,0.942
2015-10-20,0.949
2015-10-21,0.945
2015-10-22,0.94
2015-10-23,0.97
2015-10-26,0.985
2015-10-27,0.983
2015-10-28,0.989
2015-10-29,0.997
2015-10-30,0.996
2015-11-02,0.986
2015-11-03,0.999
2015-11-04,1.0
2015-11-05,0.994
2015-11-06,1.0
2015-11-09,1.002
2015-11-10,0.992
2015-11-11,0.99
2015-11-12,0.989
2015-11-13,0.986
2015-11-16,0.969
2015-11-17,0.977
2015-11-18,0.978
2015-11-19,1.0
2015-11-20,0.998
2015-11-23,1.0
2015-11-24,1.005
2015-11-25,0.997
2015-11-26,1.003
2015-11-27,1.002
2015-11-30,0.999
2015-12-01,1.006
2015-12-02,1.017
2015-12-03,1.002
2015-12-04,0.995
2015-12-07,1.005
2015-12-08,1.001
2015-12-09,1.008
2015-12-10,0.997
2015-12-11,1.002
2015-12-14,0.986
2015-12-15,0.985
2015-12-16,0.994
2015-12-17,1.002
2015-12-18,0.997
2015-12-21,0.989
2015-12-22,0.988
2015-12-23,0.988
2015-12-24,0.996
2015-12-25,0.994
2015-12-28,0.991
2015-12-29,0.993
2015-12-30,1.004
2015-12-31,1.006
2016-01-04,0.996
2016-01-05,0.977
2016-01-06,0.979
2016-01-07,0.968
2016-01-08,0.965
2016-01-11,0.935
2016-01-12,0.955
2016-01-13,0.961
2016-01-14,0.94
2016-01-15,0.941
2016-01-18,0.938
2016-01-19,0.932
2016-01-20,0.914
2016-01-21,0.914
2016-01-22,0.917
2016-01-25,0.918
2016-01-26,0.91
2016-01-27,0.91
2016-01-28,0.906
2016-01-29,0.918
2016-02-01,0.923
2016-02-02,0.931
2016-02-03,0.917
2016-02-04,0.916
2016-02-05,0.916
2016-02-15,0.891
2016-02-16,0.905
2016-02-17,0.918
2016-02-18,0.911
2016-02-19,0.911
2016-02-22,0.914
2016-02-23,0.922
2016-02-24,0.914
2016-02-25,0.914
2016-02-26,0.923
2016-02-29,0.911
2016-03-01,0.914
2016-03-02,0.934
2016-03-03,0.94
2016-03-04,0.944
2016-03-07,0.942
2016-03-08,0.937
2016-03-09,0.929
2016-03-10,0.934
2016-03-11,0.934
2016-03-14,0.943
2016-03-15,0.94
2016-03-16,0.94
2016-03-17,0.953
2016-03-18,0.95
2016-03-21,0.95
2016-03-22,0.943
2016-03-23,0.95
2016-03-24,0.939
2016-03-25,0.941
2016-03-28,0.942
2016-03-29,0.943
2016-03-30,0.955
2016-03-31,0.948
2016-04-01,0.953
2016-04-05,0.957
2016-04-06,0.955
2016-04-07,0.962
2016-04-08,0.955
2016-04-11,0.953
2016-04-12,0.951
2016-04-13,0.954
2016-04-14,0.966
2016-04-15,0.969
2016-04-18,0.955
2016-04-19,0.973
2016-04-20,0.961
2016-04-21,0.967
2016-04-22,0.963
2016-04-25,0.966
2016-04-26,0.966
2016-04-27,0.961
2016-04-28,0.953
2016-04-29,0.949
2016-05-03,0.941
2016-05-04,0.936
2016-05-05,0.936
2016-05-06,0.926
2016-05-09,0.933
2016-05-10,0.94
2016-05-11,0.947
2016-05-12,0.945
2016-05-13,0.94
2016-05-16,0.933
2016-05-17,0.944
2016-05-18,0.935
2016-05-19,0.935
2016-05-20,0.936
2016-05-23,0.949
2016-05-24,0.945
2016-05-25,0.958
2016-05-26,0.967
2016-05-27,0.969
2016-05-30,0.976
2016-05-31,0.978
2016-06-01,0.978
2016-06-02,0.975
2016-06-03,0.988
2016-06-06,0.976
2016-06-07,0.979
2016-06-08,0.978
2016-06-13,0.97
2016-06-14,0.961
2016-06-15,0.962
2016-06-16,0.957
2016-06-17,0.961
2016-06-20,0.969
2016-06-21,0.966
2016-06-22,0.961
2016-06-23,0.965
2016-06-24,0.953
2016-06-27,0.957
2016-06-28,0.947
2016-06-29,0.952
2016-06-30,0.969
2016-07-01,0.97
2016-07-04,0.966
2016-07-05,0.965
2016-07-06,0.968
2016-07-07,0.968
2016-07-08,0.974
2016-07-11,0.988
2016-07-12,0.993
2016-07-13,1.006
2016-07-14,1.013
2016-07-15,1.02
2016-07-18,1.019
2016-07-19,1.014
2016-07-20,1.018
2016-07-21,1.03
2016-07-22,1.016
2016-07-25,1.025
2016-07-26,1.031
2016-07-27,1.028
2016-07-28,1.041
2016-07-29,1.036
2016-08-01,1.041
2016-08-02,1.05
2016-08-03,1.033
2016-08-04,1.038
2016-08-05,1.035
2016-08-08,1.049
2016-08-09,1.053
2016-08-10,1.048
2016-08-11,1.048
2016-08-12,1.053
2016-08-15,1.05
2016-08-16,1.052
2016-08-17,1.048
2016-08-18,1.049
2016-08-19,1.049
2016-08-22,1.049
2016-08-23,1.052
2016-08-24,1.062
2016-08-25,1.053
2016-08-26,1.053
2016-08-29,1.052
2016-08-30,1.056
2016-08-31,1.056
2016-09-01,1.054
2016-09-02,1.056
2016-09-05,1.059
2016-09-06,1.059
2016-09-07,1.065
2016-09-08,1.065
2016-09-09,1.063
2016-09-12,1.037
2016-09-13,1.041
2016-09-14,1.046
2016-09-19,1.06
2016-09-20,1.054
2016-09-21,1.06
2016-09-22,1.065
2016-09-23,1.077
2016-09-26,1.066
2016-09-27,1.074
2016-09-28,1.074
2016-09-29,1.075
2016-09-30,1.071
2016-10-10,1.076
2016-10-11,1.088
2016-10-12,1.083
2016-10-13,1.082
2016-10-14,1.084
2016-10-17,1.081
2016-10-18,1.083
2016-10-19,1.084
2016-10-20,1.089
2016-10-21,1.091
2016-10-24,1.092
2016-10-25,1.104
2016-10-26,1.1
2016-10-27,1.099
2016-10-28,1.096
2016-10-31,1.088
2016-11-01,1.09
2016-11-02,1.077
2016-11-03,1.073
2016-11-04,1.065
2016-11-07,1.075
2016-11-08,1.083
2016-11-09,1.055
2016-11-10,1.088
2016-11-11,1.072
2016-11-14,1.075
2016-11-15,1.074
2016-11-16,1.101
2016-11-17,1.098
2016-11-18,1.099
2016-11-21,1.098
2016-11-22,1.115
2016-11-23,1.118
2016-11-24,1.121
2016-11-25,1.131
2016-11-28,1.162
2016-11-29,1.132
2016-11-30,1.15
2016-12-01,1.117
2016-12-02,1.097
2016-12-05,1.096
2016-12-06,1.108
2016-12-07,1.112
2016-12-08,1.143
2016-12-09,1.124
2016-12-12,1.137
2016-12-13,1.136
2016-12-14,1.163
2016-12-15,1.158
2016-12-16,1.162
2016-12-19,1.162
2016-12-20,1.17
2016-12-21,1.214
2016-12-22,1.223
2016-12-23,1.221
2016-12-26,1.291
2016-12-27,1.285
2016-12-28,1.272
2016-12-29,1.256
2016-12-30,1.261
2017-01-03,1.242
2017-01-04,1.22
2017-01-05,1.203
2017-01-06,1.18
2017-01-09,1.185
2017-01-10,1.197
2017-01-11,1.229
2017-01-12,1.259
2017-01-13,1.239
2017-01-16,1.242
2017-01-17,1.249
2017-01-18,1.233
2017-01-19,1.215
2017-01-20,1.213
2017-01-23,1.208
2017-01-24,1.199
2017-01-25,1.209
2017-01-26,1.262
2017-02-03,1.244
2017-02-06,1.254
2017-02-07,1.253
2017-02-08,1.259
2017-02-09,1.26
2017-02-10,1.267
2017-02-13,1.27
2017-02-14,1.27
2017-02-15,1.265
2017-02-16,1.268
2017-02-17,1.292
2017-02-20,1.299
2017-02-21,1.299
2017-02-22,1.305
2017-02-23,1.305
2017-02-24,1.294
2017-02-27,1.293
2017-02-28,1.297
2017-03-01,1.298
2017-03-02,1.3
2017-03-03,1.296
2017-03-06,1.305
2017-03-07,1.301
2017-03-08,1.293
2017-03-09,1.293
2017-03-10,1.294
2017-03-13,1.295
2017-03-14,1.297
2017-03-15,1.297
2017-03-16,1.301
2017-03-17,1.298
2017-03-20,1.298
2017-03-21,1.301
2017-03-22,1.285
2017-03-23,1.286
2017-03-24,1.278
2017-03-27,1.267
2017-03-28,1.274
2017-03-29,1.294
2017-03-30,1.278
2017-03-31,1.289
2017-04-05,1.285
2017-04-06,1.281
2017-04-07,1.282
2017-04-10,1.284
2017-04-11,1.285
2017-04-12,1.283
2017-04-13,1.275
2017-04-14,1.27
2017-04-17,1.245
2017-04-18,1.255
2017-04-19,1.231
2017-04-20,1.235
2017-04-21,1.236
2017-04-24,1.285
2017-04-25,1.314
2017-04-26,1.32
2017-04-27,1.301
2017-04-28,1.311
2017-05-02,1.315
2017-05-03,1.311
2017-05-04,1.31
2017-05-05,1.308
2017-05-08,1.319
2017-05-09,1.317
2017-05-10,1.32
2017-05-11,1.32
2017-05-12,1.315
2017-05-15,1.312
2017-05-16,1.316
2017-05-17,1.295
2017-05-18,1.286
2017-05-19,1.287
2017-05-22,1.285
2017-05-23,1.292
2017-05-24,1.291
2017-05-25,1.3
2017-05-26,1.317
2017-05-31,1.319
2017-06-01,1.314
2017-06-02,1.328
2017-06-05,1.337
2017-06-06,1.33
2017-06-07,1.317
2017-06-08,1.32
2017-06-09,1.323
2017-06-12,1.302
2017-06-13,1.29
2017-06-14,1.295
2017-06-15,1.278
2017-06-16,1.28
2017-06-19,1.279
2017-06-20,1.301
2017-06-21,1.285
2017-06-22,1.3
2017-06-23,1.299
2017-06-26,1.302
2017-06-27,1.299
2017-06-28,1.272
2017-06-29,1.282
2017-06-30,1.263
2017-07-03,1.263
2017-07-04,1.248
2017-07-05,1.254
2017-07-06,1.259
2017-07-07,1.252
2017-07-10,1.259
2017-07-11,1.265
2017-07-12,1.272
2017-07-13,1.288
2017-07-14,1.282
2017-07-17,1.287
2017-07-18,1.285
2017-07-19,1.294
2017-07-20,1.31
2017-07-21,1.306
2017-07-24,1.302
2017-07-25,1.309
2017-07-26,1.305
2017-07-27,1.313
2017-07-28,1.3
2017-07-31,1.302
2017-08-01,1.301
2017-08-02,1.307
2017-08-03,1.3
2017-08-04,1.295
2017-08-07,1.303
2017-08-08,1.305
2017-08-09,1.3
2017-08-10,1.294
2017-08-11,1.27
2017-08-14,1.279
2017-08-15,1.294
2017-08-16,1.294
2017-08-17,1.29
2017-08-18,1.278
2017-08-21,1.286
2017-08-22,1.273
2017-08-23,1.281
2017-08-24,1.274
2017-08-25,1.275
2017-08-28,1.272
2017-08-29,1.273
2017-08-30,1.273
2017-08-31,1.285
2017-09-01,1.294
2017-09-04,1.287
2017-09-05,1.287
2017-09-06,1.273
2017-09-07,1.272
2017-09-08,1.27
2017-09-11,1.263
2017-09-12,1.27
2017-09-13,1.273
2017-09-14,1.276
2017-09-15,1.274
2017-09-18,1.285
2017-09-19,1.286
2017-09-20,1.287
2017-09-21,1.287
2017-09-22,1.28
2017-09-25,1.277
2017-09-26,1.269
2017-09-27,1.272
2017-09-28,1.285
2017-09-29,1.282
2017-10-09,1.304
2017-10-10,1.302
2017-10-11,1.302
2017-10-12,1.304
2017-10-13,1.301
2017-10-16,1.304
2017-10-17,1.322
2017-10-18,1.323
2017-10-19,1.316
2017-10-20,1.316
2017-10-23,1.325
2017-10-24,1.319
2017-10-25,1.318
2017-10-26,1.315
2017-10-27,1.318
2017-10-30,1.348
2017-10-31,1.362
2017-11-01,1.37
2017-11-02,1.364
2017-11-03,1.367
2017-11-06,1.37
2017-11-07,1.378
2017-11-08,1.376
2017-11-09,1.379
2017-11-10,1.379
2017-11-13,1.374
2017-11-14,1.378
2017-11-15,1.376
2017-11-16,1.375
2017-11-17,1.38
2017-11-20,1.371
2017-11-21,1.374
2017-11-22,1.389
2017-11-23,1.381
2017-11-24,1.382
2017-11-27,1.385
2017-11-28,1.384
2017-11-29,1.396
2017-11-30,1.378
2017-12-01,1.387
2017-12-04,1.393
2017-12-05,1.36
2017-12-06,1.357
2017-12-07,1.364
2017-12-08,1.38
2017-12-11,1.385
2017-12-12,1.395
2017-12-13,1.393
2017-12-14,1.395
2017-12-15,1.396
2017-12-18,1.4
2017-12-19,1.414
2017-12-20,1.41
2017-12-21,1.394
2017-12-22,1.395
2017-12-25,1.397
2017-12-26,1.398
2017-12-27,1.384
2017-12-28,1.386
2017-12-29,1.386
2018-01-02,1.397
2018-01-03,1.398
2018-01-04,1.408
2018-01-05,1.4
2018-01-08,1.417
2018-01-09,1.424
2018-01-10,1.433
2018-01-11,1.433
2018-01-12,1.437
2018-01-15,1.449
2018-01-16,1.451
2018-01-17,1.445
2018-01-18,1.454
2018-01-19,1.451
2018-01-22,1.447
2018-01-23,1.462
2018-01-24,1.476
2018-01-25,1.459
2018-01-26,1.465
2018-01-29,1.478
2018-01-30,1.466
2018-01-31,1.45
2018-02-01,1.449
2018-02-02,1.447
2018-02-05,1.393
2018-02-06,1.313
2018-02-07,1.331
2018-02-08,1.337
2018-02-09,1.276
2018-02-12,1.324
2018-02-13,1.347
2018-02-14,1.356
2018-02-22,1.385
2018-02-23,1.4
2018-02-26,1.44
2018-02-27,1.462
2018-02-28,1.432
2018-03-01,1.427
2018-03-02,1.417
2018-03-05,1.42
2018-03-06,1.431
2018-03-07,1.442
2018-03-08,1.441
2018-03-09,1.443
2018-03-12,1.476
2018-03-13,1.473
2018-03-14,1.458
2018-03-15,1.465
2018-03-16,1.473
2018-03-19,1.466
2018-03-20,1.435
2018-03-21,1.442
2018-03-22,1.444
2018-03-23,1.389
2018-03-26,1.397
2018-03-27,1.406
2018-03-28,1.377
2018-03-29,1.355
2018-03-30,1.362
2018-04-02,1.362
2018-04-03,1.357
2018-04-04,1.358
2018-04-09,1.356
2018-04-10,1.368
2018-04-11,1.381
2018-04-12,1.38
2018-04-13,1.375
2018-04-16,1.376
2018-04-17,1.386
2018-04-18,1.4
2018-04-19,1.401
2018-04-20,1.391
2018-04-23,1.375
2018-04-24,1.388
2018-04-25,1.359
2018-04-26,1.368
2018-04-27,1.372
2018-05-02,1.38
2018-05-03,1.38
2018-05-04,1.396
2018-05-07,1.41
2018-05-08,1.414
2018-05-09,1.425
2018-05-10,1.44
2018-05-11,1.465
2018-05-14,1.466
2018-05-15,1.472
2018-05-16,1.46
2018-05-17,1.469
2018-05-18,1.466
2018-05-21,1.479
2018-05-22,1.467
2018-05-23,1.448
2018-05-24,1.458
2018-05-25,1.46
2018-05-28,1.48
2018-05-29,1.472
2018-05-30,1.462
2018-05-31,1.477
2018-06-01,1.476
2018-06-04,1.511
2018-06-05,1.525
2018-06-06,1.536
2018-06-07,1.54
2018-06-08,1.52
2018-06-11,1.533
2018-06-12,1.535
2018-06-13,1.546
2018-06-14,1.544
2018-06-15,1.58
2018-06-19,1.535
2018-06-20,1.554
2018-06-21,1.584
2018-06-22,1.577
2018-06-25,1.575
2018-06-26,1.538
2018-06-27,1.538
2018-06-28,1.531
2018-06-29,1.565
2018-07-02,1.555
2018-07-03,1.571
2018-07-04,1.572
2018-07-05,1.57
2018-07-06,1.59
2018-07-09,1.607
2018-07-10,1.622
2018-07-11,1.632
2018-07-12,1.637
2018-07-13,1.651
2018-07-16,1.663
2018-07-17,1.625
2018-07-18,1.638
2018-07-19,1.64
2018-07-20,1.64
2018-07-23,1.627
2018-07-24,1.654
2018-07-25,1.652
2018-07-26,1.668
2018-07-27,1.68
2018-07-30,1.649
2018-07-31,1.619
2018-08-01,1.633
2018-08-02,1.636
2018-08-03,1.68
2018-08-06,1.692
2018-08-07,1.699
2018-08-08,1.686
2018-08-09,1.675
2018-08-10,1.676
2018-08-13,1.666
2018-08-14,1.675
2018-08-15,1.692
2018-08-16,1.678
2018-08-17,1.695
2018-08-20,1.687
2018-08-21,1.675
2018-08-22,1.67
2018-08-23,1.676
2018-08-24,1.677
2018-08-27,1.681
2018-08-28,1.703
2018-08-29,1.709
2018-08-30,1.733
2018-08-31,1.73
2018-09-03,1.736
2018-09-04,1.743
2018-09-05,1.738
2018-09-06,1.698
2018-09-07,1.679
2018-09-10,1.685
2018-09-11,1.702
2018-09-12,1.715
2018-09-13,1.697
2018-09-14,1.71
2018-09-17,1.709
2018-09-18,1.689
2018-09-19,1.695
2018-09-20,1.693
2018-09-21,1.704
2018-09-25,1.701
2018-09-26,1.706
2018-09-27,1.704
2018-09-28,1.727
2018-10-08,1.677
2018-10-09,1.681
2018-10-10,1.682
2018-10-11,1.578
2018-10-12,1.609
2018-10-15,1.605
2018-10-16,1.606
2018-10-17,1.666
2018-10-18,1.646
2018-10-19,1.629
2018-10-22,1.618
2018-10-23,1.601
2018-10-24,1.608
2018-10-25,1.554
2018-10-26,1.556
2018-10-29,1.556
2018-10-30,1.537
2018-10-31,1.551
2018-11-01,1.574
2018-11-02,1.597
2018-11-05,1.573
2018-11-06,1.57
2018-11-07,1.58
2018-11-08,1.615
2018-11-09,1.613
2018-11-12,1.605
2018-11-13,1.558
2018-11-14,1.555
2018-11-15,1.542
2018-11-16,1.547
2018-11-19,1.551
2018-11-20,1.5
2018-11-21,1.487
2018-11-22,1.483
2018-11-23,1.473
2018-11-26,1.485
2018-11-27,1.5
2018-11-28,1.523
2018-11-29,1.549
2018-11-30,1.555
2018-12-03,1.6
2018-12-04,1.565
2018-12-05,1.53
2018-12-06,1.505
2018-12-07,1.529
2018-12-10,1.479
2018-12-11,1.501
2018-12-12,1.518
2018-12-13,1.528
2018-12-14,1.513
2018-12-17,1.492
2018-12-18,1.463
2018-12-19,1.464
2018-12-20,1.418
2018-12-21,1.414
2018-12-24,1.372
2018-12-25,1.326
2018-12-26,1.324
2018-12-27,1.394
2018-12-28,1.407
2019-01-02,1.397
2019-01-03,1.387
2019-01-04,1.388
2019-01-07,1.43
2019-01-08,1.451
2019-01-09,1.464
2019-01-10,1.45
2019-01-11,1.459
2019-01-14,1.446
2019-01-15,1.455
2019-01-16,1.473
2019-01-17,1.463
2019-01-18,1.486
2019-01-21,1.494
2019-01-22,1.485
2019-01-23,1.472
2019-01-24,1.472
2019-01-25,1.48
2019-01-28,1.479
2019-01-29,1.465
2019-01-30,1.463
2019-01-31,1.496
2019-02-01,1.519
2019-02-11,1.52
2019-02-12,1.524
2019-02-13,1.544
2019-02-14,1.54
2019-02-15,1.527
2019-02-18,1.549
2019-02-19,1.549
2019-02-20,1.544
2019-02-21,1.542
2019-02-22,1.536
2019-02-25,1.553
2019-02-26,1.541
2019-02-27,1.541
2019-02-28,1.536
2019-03-01,1.551
2019-03-04,1.557
2019-03-05,1.544
2019-03-06,1.545
2019-03-07,1.533
2019-03-08,1.504
2019-03-11,1.521
2019-03-12,1.554
2019-03-13,1.56
2019-03-14,1.578
2019-03-15,1.581
2019-03-18,1.592
2019-03-19,1.596
2019-03-20,1.596
2019-03-21,1.603
2019-03-22,1.63
2019-03-25,1.578
2019-03-26,1.587
2019-03-27,1.602
2019-03-28,1.59
2019-03-29,1.601
2019-04-01,1.624
2019-04-02,1.633
2019-04-03,1.635
2019-04-04,1.643
2019-04-08,1.642
2019-04-09,1.644
2019-04-10,1.637
2019-04-11,1.656
2019-04-12,1.652
2019-04-15,1.651
2019-04-16,1.655
2019-04-17,1.656
2019-04-18,1.655
2019-04-19,1.661
2019-04-22,1.661
2019-04-23,1.668
2019-04-24,1.696
2019-04-25,1.705
2019-04-26,1.723
2019-04-29,1.74
2019-04-30,1.732
2019-05-06,1.682
2019-05-07,1.703
2019-05-08,1.672
2019-05-09,1.666
2019-05-10,1.672
2019-05-13,1.658
2019-05-14,1.616
2019-05-15,1.638
2019-05-16,1.649
2019-05-17,1.669
2019-05-20,1.659
2019-05-21,1.645
2019-05-22,1.651
2019-05-23,1.626
2019-05-24,1.621
2019-05-27,1.62
2019-05-28,1.617
2019-05-29,1.602
2019-05-30,1.592
2019-05-31,1.579
2019-06-03,1.552
2019-06-04,1.538
2019-06-05,1.576
2019-06-06,1.582
2019-06-10,1.636
2019-06-11,1.644
2019-06-12,1.641
2019-06-13,1.644
2019-06-14,1.653
2019-06-17,1.654
2019-06-18,1.665
2019-06-19,1.687
2019-06-20,1.704
2019-06-21,1.7
2019-06-24,1.708
2019-06-25,1.688
2019-06-26,1.668
2019-06-27,1.683
2019-06-28,1.672
2019-07-01,1.729
2019-07-02,1.712
2019-07-03,1.71
2019-07-04,1.719
2019-07-05,1.726
2019-07-08,1.714
2019-07-09,1.696
2019-07-10,1.716
2019-07-11,1.734
2019-07-12,1.73
2019-07-15,1.745
2019-07-16,1.755
2019-07-17,1.746
2019-07-18,1.73
2019-07-19,1.744
2019-07-22,1.734
2019-07-23,1.743
2019-07-24,1.749
2019-07-25,1.765
2019-07-26,1.761
2019-07-29,1.77
2019-07-30,1.769
2019-07-31,1.756
2019-08-01,1.738
2019-08-02,1.738
2019-08-05,1.723
2019-08-06,1.675
2019-08-07,1.694
2019-08-08,1.708
2019-08-09,1.74
2019-08-12,1.764
2019-08-13,1.705
2019-08-14,1.745
2019-08-15,1.715
2019-08-16,1.717
2019-08-19,1.74
2019-08-20,1.75
2019-08-21,1.744
2019-08-22,1.758
2019-08-23,1.757
2019-08-26,1.716
2019-08-27,1.731
2019-08-28,1.726
2019-08-29,1.721
2019-08-30,1.756
2019-09-02,1.751
2019-09-03,1.748
2019-09-04,1.767
2019-09-05,1.771
2019-09-06,1.789
2019-09-09,1.798
2019-09-10,1.778
2019-09-11,1.775
2019-09-12,1.792
2019-09-16,1.774
2019-09-17,1.77
2019-09-18,1.78
2019-09-19,1.778
2019-09-20,1.782
2019-09-23,1.772
2019-09-24,1.773
2019-09-25,1.752
2019-09-26,1.759
2019-09-27,1.758
2019-09-30,1.744
2019-10-08,1.746
2019-10-09,1.729
2019-10-10,1.733
2019-10-11,1.746
2019-10-14,1.766
2019-10-15,1.776
2019-10-16,1.784
2019-10-17,1.781
2019-10-18,1.777
2019-10-21,1.772
2019-10-22,1.784
2019-10-23,1.77
2019-10-24,1.776
2019-10-25,1.783
2019-10-28,1.794
2019-10-29,1.811
2019-10-30,1.806
2019-10-31,1.815
2019-11-01,1.817
2019-11-04,1.832
2019-11-05,1.838
2019-11-06,1.826
2019-11-07,1.824
2019-11-08,1.823
2019-11-11,1.825
2019-11-12,1.83
2019-11-13,1.837
2019-11-14,1.846
2019-11-15,1.851
2019-11-18,1.86
2019-11-19,1.871
2019-11-20,1.866
2019-11-21,1.856
2019-11-22,1.863
2019-11-25,1.872
2019-11-26,1.889
2019-11-27,1.9
2019-11-28,1.951
2019-11-29,1.954
2019-12-02,1.999
2019-12-03,1.896
2019-12-04,1.873
2019-12-05,1.875
2019-12-06,1.871
2019-12-09,1.885
2019-12-10,1.876
2019-12-11,1.874
2019-12-12,1.886
2019-12-13,1.902
2019-12-16,1.91
2019-12-17,1.928
2019-12-18,1.915
2019-12-19,1.91
2019-12-20,1.926
2019-12-23,1.936
2019-12-24,1.949
2019-12-25,1.943
2019-12-26,1.948
2019-12-27,1.966
2019-12-30,1.966
2019-12-31,1.956
2020-01-02,1.975
2020-01-03,1.984
2020-01-06,1.96
2020-01-07,1.98
2020-01-08,1.956
2020-01-09,1.991
2020-01-10,2.02
2020-01-13,2.009
2020-01-14,2.017
2020-01-15,2.004
2020-01-16,2.0
2020-01-17,2.037
2020-01-20,2.042
2020-01-21,2.014
2020-01-22,2.027
2020-01-23,2.021
2020-02-03,1.976
2020-02-04,2.046
2020-02-05,2.08
2020-02-06,2.119
2020-02-07,2.168
2020-02-10,2.202
2020-02-11,2.256
2020-02-12,2.302
2020-02-13,2.415
2020-02-14,2.269
2020-02-17,2.285
2020-02-18,2.233
2020-02-19,2.207
2020-02-20,2.236
2020-02-21,2.186
2020-02-24,2.1
2020-02-25,2.137
2020-02-26,2.075
2020-02-27,2.074
2020-02-28,1.984
2020-03-02,2.052
2020-03-03,2.029
2020-03-04,2.007
2020-03-05,2.0
2020-03-06,1.949
2020-03-09,1.829
2020-03-10,1.894
2020-03-11,1.841
2020-03-12,1.791
2020-03-13,1.765
2020-03-16,1.699
2020-03-17,1.711
2020-03-18,1.664
2020-03-19,1.673
2020-03-20,1.774
2020-03-23,1.695
2020-03-24,1.796
2020-03-25,1.88
2020-03-26,1.816
2020-03-27,1.802
2020-03-30,1.764
2020-03-31,1.79
2020-04-01,1.761
2020-04-02,1.792
2020-04-03,1.765
2020-04-07,1.848
2020-04-08,1.834
2020-04-09,1.859
2020-04-10,1.832
2020-04-13,1.814
2020-04-14,1.872
2020-04-15,1.926
2020-04-16,1.935
2020-04-17,1.997
2020-04-20,1.971
2020-04-21,1.951
2020-04-22,1.942
2020-04-23,1.962
2020-04-24,1.951
2020-04-27,2.017
2020-04-28,2.038
2020-04-29,2.097
2020-04-30,2.166
2020-05-06,2.156
2020-05-07,2.133
2020-05-08,2.135
2020-05-11,2.12
2020-05-12,2.09
2020-05-13,2.06
2020-05-14,2.021
2020-05-15,2.041
2020-05-18,2.056
2020-05-19,2.094
2020-05-20,2.076
2020-05-21,2.095
2020-05-22,2.054
2020-05-25,2.109
2020-05-26,2.149
2020-05-27,2.119
2020-05-28,2.102
2020-05-29,2.092
2020-06-01,2.121
2020-06-02,2.127
2020-06-03,2.141
2020-06-04,2.138
2020-06-05,2.138
2020-06-08,2.167
2020-06-09,2.183
2020-06-10,2.212
2020-06-11,2.191
2020-06-12,2.131
2020-06-15,2.078
2020-06-16,2.173
2020-06-17,2.204
2020-06-18,2.2
2020-06-19,2.214
2020-06-22,2.203
2020-06-23,2.225
2020-06-24,2.241
2020-06-29,2.169
2020-06-30,2.188
2020-07-01,2.217
2020-07-02,2.255
2020-07-03,2.267
2020-07-06,2.279
2020-07-07,2.29
2020-07-08,2.289
2020-07-09,2.311
2020-07-10,2.309
2020-07-13,2.353
2020-07-14,2.319
2020-07-15,2.325
2020-07-16,2.12
2020-07-17,2.308
2020-07-20,2.296
2020-07-21,2.397
2020-07-22,2.363
2020-07-23,2.37
2020-07-24,2.29
2020-07-27,2.3
2020-07-28,2.33
2020-07-29,2.32
2020-07-30,2.311
2020-07-31,2.359
2020-08-03,2.37
2020-08-04,2.396
2020-08-05,2.399
2020-08-06,2.386
2020-08-07,2.413
2020-08-10,2.403
2020-08-11,2.399
2020-08-12,2.37
2020-08-13,2.412
2020-08-14,2.428
2020-08-17,2.424
2020-08-18,2.43
2020-08-19,2.452
2020-08-20,2.443
2020-08-21,2.494
2020-08-24,2.561
2020-08-25,2.638
2020-08-26,2.591
2020-08-27,2.686
2020-08-28,2.712
2020-08-31,2.765
2020-09-01,2.822
2020-09-02,2.976
2020-09-03,3.138
2020-09-04,2.824
2020-09-07,2.629
2020-09-08,2.781
2020-09-09,2.649
2020-09-10,2.706
2020-09-11,2.643
2020-09-14,2.7
2020-09-15,2.729
2020-09-16,2.717
2020-09-17,2.611
2020-09-18,2.634
2020-09-21,2.585
2020-09-22,2.528
2020-09-23,2.538
2020-09-24,2.444
2020-09-25,2.415
2020-09-28,2.512
2020-09-29,2.571
2020-09-30,2.604
2020-10-09,2.684
2020-10-12,2.719
2020-10-13,2.728
2020-10-14,2.71
2020-10-15,2.62
2020-10-16,2.629
2020-10-19,2.667
2020-10-20,2.622
2020-10-21,2.607
2020-10-22,2.53
2020-10-23,2.515
2020-10-26,2.488
2020-10-27,2.512
2020-10-28,2.484
2020-10-29,2.457
2020-10-30,2.397
2020-11-02,2.405
2020-11-03,2.457
2020-11-04,2.566
2020-11-05,2.558
2020-11-06,2.547
2020-11-09,2.603
2020-11-10,2.489
2020-11-11,2.449
2020-11-12,2.453
2020-11-13,2.462
2020-11-16,2.479
2020-11-17,2.464
2020-11-18,2.439
2020-11-19,2.44
2020-11-20,2.464
2020-11-23,2.446
2020-11-24,2.453
2020-11-25,2.482
2020-11-26,2.491
2020-11-27,2.489
2020-11-30,2.489
2020-12-01,2.521
2020-12-02,2.529
2020-12-03,2.54
2020-12-04,2.534
2020-12-07,2.532
2020-12-08,2.543
2020-12-09,2.563
2020-12-10,2.498
2020-12-11,2.503
2020-12-14,2.509
2020-12-15,2.525
2020-12-16,2.558
2020-12-17,2.565
2020-12-18,2.573
2020-12-21,2.576
2020-12-22,2.552
2020-12-23,2.559
2020-12-24,2.55
2020-12-25,2.555
2020-12-28,2.574
2020-12-29,2.599
2020-12-30,2.599
2020-12-31,2.599
2021-01-04,2.579
2021-01-05,2.541
2021-01-06,2.529
2021-01-07,2.534
2021-01-08,2.589
2021-01-11,2.598
2021-01-12,2.584
2021-01-13,2.573
2021-01-14,2.587
2021-01-15,2.566
2021-01-18,2.557
2021-01-19,2.584
2021-01-20,2.605
2021-01-21,2.671
2021-01-22,2.673
2021-01-25,2.7
2021-01-26,2.683
2021-01-27,2.72
2021-01-28,2.618
2021-01-29,2.617
2021-02-01,2.607
2021-02-02,2.674
2021-02-03,2.71
2021-02-04,2.686
2021-02-05,2.725
2021-02-08,2.738
2021-02-09,2.737
2021-02-10,2.749
2021-02-18,2.731
2021-02-19,2.728
2021-02-22,2.7
2021-02-23,2.664
2021-02-24,2.612
2021-02-25,2.665
2021-02-26,2.549
2021-03-01,2.602
2021-03-02,2.638
2021-03-03,2.63
2021-03-04,2.535
2021-03-05,2.505
2021-03-08,2.508
2021-03-09,2.497
2021-03-10,2.555
2021-03-11,2.584
2021-03-12,2.602
2021-03-15,2.589
2021-03-16,2.643
2021-03-17,2.64
2021-03-18,2.657
2021-03-19,2.575
2021-03-22,2.596
2021-03-23,2.614
2021-03-24,2.626
2021-03-25,2.591
2021-03-26,2.607
2021-03-29,2.606
2021-03-30,2.612
2021-03-31,2.604
2021-04-01,2.666
2021-04-02,2.697
2021-04-06,2.739
2021-04-07,2.74
2021-04-08,2.774
2021-04-09,2.777
2021-04-12,2.804
2021-04-13,2.795
2021-04-14,2.838
2021-04-15,2.809
2021-04-16,2.828
2021-04-19,2.838
2021-04-20,2.799
2021-04-21,2.78
2021-04-22,2.804
2021-04-23,2.772
2021-04-26,2.795
2021-04-27,2.821
2021-04-28,2.81
2021-04-29,2.828
2021-04-30,2.802
2021-05-06,2.731
2021-05-07,2.726
2021-05-10,2.745
2021-05-11,2.666
2021-05-12,2.665
2021-05-13,2.623
2021-05-14,2.654
2021-05-17,2.678
2021-05-18,2.689
2021-05-19,2.637
2021-05-20,2.644
2021-05-21,2.692
2021-05-24,2.686
2021-05-25,2.721
2021-05-26,2.721
2021-05-27,2.706
2021-05-28,2.701
2021-05-31,2.695
2021-06-01,2.699
2021-06-02,2.687
2021-06-03,2.695
2021-06-04,2.675
2021-06-07,2.709
2021-06-08,2.724
2021-06-09,2.725
2021-06-10,2.714
2021-06-11,2.747
2021-06-15,2.794
2021-06-16,2.769
2021-06-17,2.759
2021-06-18,2.821
2021-06-21,2.801
2021-06-22,2.819
2021-06-23,2.864
2021-06-24,2.859
2021-06-25,2.866
2021-06-28,2.876
2021-06-29,2.899
2021-06-30,2.92
2021-07-01,2.91
2021-07-02,2.911
2021-07-05,2.942
2021-07-06,2.945
2021-07-07,2.97
2021-07-08,2.968
2021-07-09,2.965
2021-07-12,2.995
2021-07-13,2.996
2021-07-14,2.988
2021-07-15,2.995
2021-07-16,2.965
2021-07-19,2.945
2021-07-20,2.943
2021-07-21,2.958
2021-07-22,2.988
2021-07-23,3.012
2021-07-26,3.05
2021-07-27,3.042
2021-07-28,3.013
2021-07-29,3.019
2021-07-30,2.969
2021-08-02,3.019
2021-08-03,3.006
2021-08-04,3.027
2021-08-05,3.02
2021-08-06,3.043
2021-08-09,3.028
2021-08-10,3.038
2021-08-11,3.027
2021-08-12,3.023
2021-08-13,3.031
2021-08-16,3.036
2021-08-17,3.049
2021-08-18,3.039
2021-08-19,2.982
2021-08-20,3.005
2021-08-23,3.048
2021-08-24,3.102
2021-08-25,3.102
2021-08-26,3.094
2021-08-27,3.103
2021-08-30,3.114
2021-08-31,3.161
2021-09-01,3.144
2021-09-02,3.141
2021-09-03,3.146
2021-09-06,3.15
2021-09-07,3.151
2021-09-08,3.143
2021-09-09,3.123
2021-09-10,3.125
2021-09-13,3.116
2021-09-14,3.097
2021-09-15,3.084
2021-09-16,3.088
2021-09-17,3.118
2021-09-22,3.033
2021-09-23,3.063
2021-09-24,3.073
2021-09-27,3.09
2021-09-28,3.039
2021-09-29,2.988
2021-09-30,3.0
2021-10-08,2.991
2021-10-11,2.957
2021-10-12,2.933
2021-10-13,2.944
2021-10-14,2.98
2021-10-15,3.029
2021-10-18,3.017
2021-10-19,3.055
2021-10-20,3.06
2021-10-21,3.054
2021-10-22,3.07
2021-10-25,3.054
2021-10-26,3.093
2021-10-27,3.087
2021-10-28,3.096
2021-10-29,3.1
2021-11-01,3.153
2021-11-02,3.156
2021-11-03,3.174
2021-11-04,3.22
2021-11-05,3.255
2021-11-08,3.244
2021-11-09,3.255
2021-11-10,3.222
2021-11-11,3.195
2021-11-12,3.194
2021-11-15,3.224
2021-11-16,3.209
2021-11-17,3.235
2021-11-18,3.242
2021-11-19,3.292
2021-11-22,3.296
2021-11-23,3.244
2021-11-24,3.25
2021-11-25,3.268
2021-11-26,3.233
2021-11-29,3.222
2021-11-30,3.24
2021-12-01,3.237
2021-12-02,3.164
2021-12-03,3.157
2021-12-06,3.12
2021-12-07,3.163
2021-12-08,3.239
2021-12-09,3.227
2021-12-10,3.201
2021-12-13,3.234
2021-12-14,3.184
2021-12-15,3.157
2021-12-16,3.229
2021-12-17,3.142
2021-12-20,3.099
2021-12-21,3.134
2021-12-22,3.154
2021-12-23,3.193
2021-12-24,3.209
2021-12-27,3.225
2021-12-28,3.271
2021-12-29,3.271
2021-12-30,3.257
2021-12-31,3.255
2022-01-04,3.273
2022-01-05,3.21
2022-01-06,3.117
2022-01-07,3.136
2022-01-10,3.106
2022-01-11,3.088
2022-01-12,3.149
2022-01-13,3.135
2022-01-14,3.071
2022-01-17,3.074
2022-01-18,3.05
2022-01-19,2.986
2022-01-20,2.996
2022-01-21,2.899
2022-01-24,2.862
2022-01-25,2.808
2022-01-26,2.797
2022-01-27,2.737
2022-01-28,2.786
2022-02-07,2.886
2022-02-08,2.869
2022-02-09,2.913
2022-02-10,2.954
2022-02-11,2.874
2022-02-14,2.817
2022-02-15,2.819
2022-02-16,2.868
2022-02-17,2.848
2022-02-18,2.811
2022-02-21,2.799
2022-02-22,2.698
2022-02-23,2.746
2022-02-24,2.599
2022-02-25,2.698
2022-02-28,2.704
2022-03-01,2.773
2022-03-02,2.739
2022-03-03,2.776
2022-03-04,2.725
2022-03-07,2.659
2022-03-08,2.579
2022-03-09,2.607
2022-03-10,2.676
2022-03-11,2.659
2022-03-14,2.623
2022-03-15,2.574
2022-03-16,2.665
2022-03-17,2.744
2022-03-18,2.754
2022-03-21,2.815
2022-03-22,2.82
2022-03-23,2.889
2022-03-24,2.865
2022-03-25,2.917
2022-03-28,2.902
2022-03-29,2.969
2022-03-30,3.013
2022-03-31,2.993
2022-04-01,2.955
2022-04-06,2.933
2022-04-07,2.872
2022-04-08,2.892
2022-04-11,2.826
2022-04-12,2.769
2022-04-13,2.782
2022-04-14,2.825
2022-04-15,2.752
2022-04-18,2.735
2022-04-19,2.775
2022-04-20,2.811
2022-04-21,2.832
2022-04-22,2.769
2022-04-25,2.706
2022-04-26,2.751
2022-04-27,2.68
2022-04-28,2.717
2022-04-29,2.739
2022-05-05,2.773
2022-05-06,2.668
2022-05-09,2.627
2022-05-10,2.597
2022-05-11,2.603
2022-05-12,2.509
2022-05-13,2.557
2022-05-16,2.587
2022-05-17,2.589
2022-05-18,2.618
2022-05-19,2.506
2022-05-20,2.509
2022-05-23,2.497
2022-05-24,2.436
2022-05-25,2.45
2022-05-26,2.473
2022-05-27,2.556
2022-05-30,2.63
2022-05-31,2.605
2022-06-01,2.612
2022-06-02,2.597
2022-06-06,2.598
2022-06-07,2.574
2022-06-08,2.613
2022-06-09,2.603
2022-06-10,2.551
2022-06-13,2.418
2022-06-14,2.393
2022-06-15,2.376
2022-06-16,2.376
2022-06-17,2.327
2022-06-20,2.348
2022-06-21,2.366
2022-06-22,2.369
2022-06-23,2.39
2022-06-24,2.444
2022-06-27,2.501
2022-06-28,2.488
2022-06-29,2.406
2022-06-30,2.384
2022-07-01,2.37
2022-07-04,2.384
2022-07-05,0.604
2022-07-06,0.611
2022-07-07,0.616
2022-07-08,0.623
2022-07-11,0.621
2022-07-12,0.611
2022-07-13,0.612
2022-07-14,0.607
2022-07-15,0.615
2022-07-18,0.63
2022-07-19,0.62
2022-07-20,0.64
2022-07-21,0.646
2022-07-22,0.653
2022-07-25,0.644
2022-07-26,0.64
2022-07-27,0.639
2022-07-28,0.654
2022-07-29,0.671
2022-08-01,0.672
2022-08-02,0.669
2022-08-03,0.671
2022-08-04,0.688
2022-08-05,0.692
2022-08-08,0.69
2022-08-09,0.685
2022-08-10,0.675
2022-08-11,0.7
2022-08-12,0.692
2022-08-15,0.705
2022-08-16,0.714
2022-08-17,0.71
2022-08-18,0.702
2022-08-19,0.701
2022-08-22,0.691
2022-08-23,0.677
2022-08-24,0.681
2022-08-25,0.688
2022-08-26,0.693
2022-08-29,0.663
2022-08-30,0.667
2022-08-31,0.658
2022-09-01,0.644
2022-09-02,0.652
2022-09-05,0.645
2022-09-06,0.649
2022-09-07,0.643
2022-09-08,0.657
2022-09-09,0.659
2022-09-13,0.68
2022-09-14,0.645
2022-09-15,0.65
2022-09-16,0.635
2022-09-19,0.634
2022-09-20,0.646
2022-09-21,0.642
2022-09-22,0.629
2022-09-23,0.626
2022-09-26,0.616
2022-09-27,0.628
2022-09-28,0.621
2022-09-29,0.63
2022-09-30,0.615
2022-10-10,0.598
2022-10-11,0.6
2022-10-12,0.601
2022-10-13,0.595
2022-10-14,0.612
2022-10-17,0.598
2022-10-18,0.624
2022-10-19,0.622
2022-10-20,0.614
2022-10-21,0.613
2022-10-24,0.631
2022-10-25,0.643
2022-10-26,0.638
2022-10-27,0.632
2022-10-28,0.614
2022-10-31,0.644
2022-11-01,0.643
2022-11-02,0.634
2022-11-03,0.614
2022-11-04,0.61
2022-11-07,0.612
2022-11-08,0.613
2022-11-09,0.617
2022-11-10,0.606
2022-11-11,0.645
2022-11-14,0.641
2022-11-15,0.644
2022-11-16,0.651
2022-11-17,0.646
2022-11-18,0.642
2022-11-21,0.64
2022-11-22,0.635
2022-11-23,0.644
2022-11-24,0.651
2022-11-25,0.654
2022-11-28,0.646
2022-11-29,0.645
2022-11-30,0.636
2022-12-01,0.656
2022-12-02,0.651
2022-12-05,0.644
2022-12-06,0.635
2022-12-07,0.628
2022-12-08,0.626
2022-12-09,0.629
2022-12-12,0.624
2022-12-13,0.634
2022-12-14,0.64
2022-12-15,0.629
2022-12-16,0.615
2022-12-19,0.613
2022-12-20,0.605
2022-12-21,0.612
2022-12-22,0.612
2022-12-23,0.607
2022-12-26,0.604
2022-12-27,0.611
2022-12-28,0.6
2022-12-29,0.599
2022-12-30,0.6
2023-01-03,0.6
2023-01-04,0.597
2023-01-05,0.599
2023-01-06,0.595
2023-01-09,0.604
2023-01-10,0.602
2023-01-11,0.607
2023-01-12,0.618
2023-01-13,0.613
2023-01-16,0.614
2023-01-17,0.616
2023-01-18,0.619
2023-01-19,0.61
2023-01-20,0.615
2023-01-30,0.635
2023-01-31,0.624
2023-02-01,0.634
2023-02-02,0.649
2023-02-03,0.656
2023-02-06,0.654
2023-02-07,0.655
2023-02-08,0.666
2023-02-09,0.658
2023-02-10,0.648
2023-02-13,0.646
2023-02-14,0.655
2023-02-15,0.657
2023-02-16,0.671
2023-02-17,0.654
2023-02-20,0.654
2023-02-21,0.652
2023-02-22,0.641
2023-02-23,0.645
2023-02-24,0.647
2023-02-27,0.642
2023-02-28,0.644
2023-03-01,0.642
2023-03-02,0.631
2023-03-03,0.639
2023-03-06,0.655
2023-03-07,0.656
2023-03-08,0.65
2023-03-09,0.653
2023-03-10,0.638
2023-03-13,0.64
2023-03-14,0.631
2023-03-15,0.646
2023-03-16,0.649
2023-03-17,0.666
2023-03-20,0.657
2023-03-21,0.663
2023-03-22,0.675
2023-03-23,0.667
2023-03-24,0.672
2023-03-27,0.68
2023-03-28,0.675
2023-03-29,0.675
2023-03-30,0.681
2023-03-31,0.684
2023-04-03,0.693
2023-04-04,0.696
2023-04-06,0.683
2023-04-07,0.689
2023-04-10,0.686
2023-04-11,0.689
2023-04-12,0.685
2023-04-13,0.68
2023-04-14,0.686
2023-04-17,0.689
2023-04-18,0.688
2023-04-19,0.687
2023-04-20,0.687
2023-04-21,0.684
2023-04-24,0.682
2023-04-25,0.683
2023-04-26,0.682
2023-04-27,0.683
2023-04-28,0.695
2023-05-04,0.691
2023-05-05,0.689
2023-05-08,0.7
2023-05-09,0.701
2023-05-10,0.701
2023-05-11,0.71
2023-05-12,0.712
2023-05-15,0.711
2023-05-16,0.714
2023-05-17,0.719
2023-05-18,0.729
2023-05-19,0.749
2023-05-22,0.745
2023-05-23,0.749
2023-05-24,0.738
2023-05-25,0.749
2023-05-26,0.752
2023-05-29,0.779
2023-05-30,0.78
2023-05-31,0.777
2023-06-01,0.776
2023-06-02,0.786
2023-06-05,0.79
2023-06-06,0.791
2023-06-07,0.794
2023-06-08,0.776
2023-06-09,0.789
2023-06-12,0.798
2023-06-13,0.816
2023-06-14,0.817
2023-06-15,0.822
2023-06-16,0.83
2023-06-19,0.826
2023-06-20,0.825
2023-06-21,0.828
2023-06-26,0.822
2023-06-27,0.811
2023-06-28,0.822
2023-06-29,0.828
2023-06-30,0.828
2023-07-03,0.843
2023-07-04,0.837
2023-07-05,0.838
2023-07-06,0.839
2023-07-07,0.835
2023-07-10,0.828
2023-07-11,0.832
2023-07-12,0.833
2023-07-13,0.847
2023-07-14,0.85
2023-07-17,0.854
2023-07-18,0.863
2023-07-19,0.876
2023-07-20,0.865
2023-07-21,0.851
2023-07-24,0.853
2023-07-25,0.852
2023-07-26,0.854
2023-07-27,0.861
2023-07-28,0.858
2023-07-31,0.867
2023-08-01,0.869
2023-08-02,0.857
2023-08-03,0.843
2023-08-04,0.85
2023-08-07,0.843
2023-08-08,0.844
2023-08-09,0.843
2023-08-10,0.835
2023-08-11,0.837
2023-08-14,0.832
2023-08-15,0.846
2023-08-16,0.837
2023-08-17,0.831
2023-08-18,0.817
2023-08-21,0.819
2023-08-22,0.832
2023-08-23,0.832
2023-08-24,0.855
2023-08-25,0.822
2023-08-28,0.834
2023-08-29,0.84
2023-08-30,0.857
2023-08-31,0.86
2023-09-01,0.86
2023-09-04,0.863
2023-09-05,0.862
2023-09-06,0.863
2023-09-07,0.857
2023-09-08,0.859
2023-09-11,0.855
2023-09-12,0.86
2023-09-13,0.851
2023-09-14,0.856
2023-09-15,0.862
2023-09-18,0.848
2023-09-19,0.847
2023-09-20,0.847
2023-09-21,0.832
2023-09-22,0.824
2023-09-25,0.824
2023-09-26,0.817
2023-09-27,0.816
2023-09-28,0.814
2023-10-09,0.826
2023-10-10,0.839
2023-10-11,0.847
2023-10-12,0.852
2023-10-13,0.847
2023-10-16,0.839
2023-10-17,0.845
2023-10-18,0.84
2023-10-19,0.829
2023-10-20,0.82
2023-10-23,0.814
2023-10-24,0.819
2023-10-25,0.817
2023-10-26,0.792
2023-10-27,0.795
2023-10-30,0.795
2023-10-31,0.794
2023-11-01,0.806
2023-11-02,0.822
2023-11-03,0.829
2023-11-06,0.838
2023-11-07,0.838
2023-11-08,0.847
2023-11-09,0.852
2023-11-10,0.842
2023-11-13,0.86
2023-11-14,0.862
2023-11-15,0.876
2023-11-16,0.873
2023-11-17,0.876
2023-11-20,0.863
2023-11-21,0.873
2023-11-22,0.866
2023-11-23,0.872
2023-11-24,0.873
2023-11-27,0.868
2023-11-28,0.871
2023-11-29,0.872
2023-11-30,0.871
2023-12-01,0.866
2023-12-04,0.867
2023-12-05,0.857
2023-12-06,0.869
2023-12-07,0.861
2023-12-08,0.874
2023-12-11,0.881
2023-12-12,0.89
2023-12-13,0.9
2023-12-14,0.911
2023-12-15,0.9
2023-12-18,0.906
2023-12-19,0.911
2023-12-20,0.914
2023-12-21,0.902
2023-12-22,0.907
2023-12-25,0.908
2023-12-26,0.914
2023-12-27,0.918
2023-12-28,0.915
2023-12-29,0.914
2024-01-02,0.911
2024-01-03,0.896
2024-01-04,0.892
2024-01-05,0.885
2024-01-08,0.886
2024-01-09,0.911
2024-01-10,0.91
2024-01-11,0.922
2024-01-12,0.918
2024-01-15,0.924
2024-01-16,0.916
2024-01-17,0.915
2024-01-18,0.917
2024-01-19,0.939
2024-01-22,0.974
2024-01-23,0.962
2024-01-24,0.967
2024-01-25,0.959
2024-01-26,0.949
2024-01-29,0.958
2024-01-30,0.974
2024-01-31,0.952
2024-02-01,0.941
2024-02-02,0.963
2024-02-05,0.97
2024-02-06,0.973
2024-02-07,0.965
2024-02-08,0.988
2024-02-19,0.981
2024-02-20,0.98
2024-02-21,0.968
2024-02-22,0.983
2024-02-23,0.997
2024-02-26,0.986
2024-02-27,0.984
2024-02-28,0.986
2024-02-29,0.978
2024-03-01,0.994
2024-03-04,1.008
2024-03-05,0.998
2024-03-06,0.994
2024-03-07,0.989
2024-03-08,1.006
2024-03-11,0.991
2024-03-12,0.994
2024-03-13,1.001
2024-03-14,0.997
2024-03-15,0.99
2024-03-18,0.991
2024-03-19,0.985
2024-03-20,0.99
2024-03-21,1.008
2024-03-22,1.009
2024-03-25,1.005
2024-03-26,1.01
2024-03-27,1.007
2024-03-28,1.008
2024-03-29,1.005
2024-04-01,1.011
2024-04-02,1.007
2024-04-03,0.998
2024-04-08,0.997
2024-04-09,0.999
2024-04-10,1.004
2024-04-11,0.994
2024-04-12,1.01
2024-04-15,0.999
2024-04-16,0.974
2024-04-17,0.973
2024-04-18,0.971
2024-04-19,0.952
2024-04-22,0.946
2024-04-23,0.947
2024-04-24,0.969
2024-04-25,0.954
2024-04-26,0.972
2024-04-29,0.976
2024-04-30,0.978
2024-05-06,0.981
2024-05-07,0.99
2024-05-08,0.992
2024-05-09,0.99
2024-05-10,0.995
2024-05-13,1.0
2024-05-14,1.0
2024-05-15,1.006
2024-05-16,1.022
2024-05-17,1.02
2024-05-20,1.021
2024-05-21,1.027
2024-05-22,1.031
2024-05-23,1.04
2024-05-24,1.022
2024-05-27,1.036
2024-05-28,1.04
2024-05-29,1.035
2024-05-30,1.025
2024-05-31,1.019
2024-06-03,1.025
2024-06-04,1.021
2024-06-05,1.029
2024-06-06,1.051
2024-06-07,1.051
2024-06-11,1.053
2024-06-12,1.062
2024-06-13,1.083
2024-06-14,1.083
2024-06-17,1.088
2024-06-18,1.102
2024-06-19,1.102
2024-06-20,1.108
2024-06-21,1.094
2024-06-24,1.09
2024-06-25,1.077
2024-06-26,1.094
2024-06-27,1.093
2024-06-28,1.107
2024-07-01,1.105
2024-07-02,1.107
2024-07-03,1.131
2024-07-04,1.135
2024-07-05,1.144
2024-07-08,1.155
2024-07-09,1.16
2024-07-10,1.151
2024-07-11,1.165
2024-07-12,1.122
2024-07-15,1.154
2024-07-16,1.152
2024-07-17,1.14
2024-07-18,1.121
2024-07-19,1.104
2024-07-22,1.102
2024-07-23,1.111
2024-07-24,1.092
2024-07-25,1.062
2024-07-26,1.062
2024-07-29,1.083
2024-07-30,1.069
2024-07-31,1.073
2024-08-01,1.101
2024-08-02,1.041
2024-08-05,0.965
2024-08-06,1.001
2024-08-07,1.001
2024-08-08,0.984
2024-08-09,1.012
2024-08-12,1.021
2024-08-13,1.028
2024-08-14,1.048
2024-08-15,1.055
2024-08-16,1.098
2024-08-19,1.079
2024-08-20,1.103
2024-08-21,1.099
2024-08-22,1.1
2024-08-23,1.089
2024-08-26,1.09
2024-08-27,1.075
2024-08-28,1.079
2024-08-29,1.055
2024-08-30,1.066
2024-09-02,1.073
2024-09-03,1.073
2024-09-04,1.016
2024-09-05,1.023
2024-09-06,1.026
2024-09-09,1.017
2024-09-10,1.024
2024-09-11,1.032
2024-09-12,1.066
2024-09-13,1.071
2024-09-18,1.065
2024-09-19,1.076
2024-09-20,1.081
2024-09-23,1.086
2024-09-24,1.08
2024-09-25,1.07
2024-09-26,1.086
2024-09-27,1.069
2024-09-30,1.064
2024-10-08,1.058
2024-10-09,1.075
2024-10-10,1.089
2024-10-11,1.088
2024-10-14,1.088
2024-10-15,1.11
2024-10-16,1.098
2024-10-17,1.104
2024-10-18,1.096
2024-10-21,1.099
2024-10-22,1.099
2024-10-23,1.104
2024-10-24,1.092
2024-10-25,1.097
2024-10-28,1.11
2024-10-29,1.107
2024-10-30,1.119
2024-10-31,1.099
2024-11-01,1.085
2024-11-04,1.089
2024-11-05,1.084
2024-11-06,1.123
2024-11-07,1.14
2024-11-08,1.15
2024-11-11,1.158
2024-11-12,1.16
2024-11-13,1.152
2024-11-14,1.156
2024-11-15,1.139
2024-11-18,1.13
2024-11-19,1.133
2024-11-20,1.145
2024-11-21,1.136
2024-11-22,1.147
2024-11-25,1.156
2024-11-26,1.156
2024-11-27,1.158
2024-11-28,1.155
2024-11-29,1.154
2024-12-02,1.16
2024-12-03,1.18
2024-12-04,1.186
2024-12-05,1.195
2024-12-06,1.19
2024-12-09,1.208
2024-12-10,1.197
2024-12-11,1.197
2024-12-12,1.221
2024-12-13,1.228
2024-12-16,1.244
2024-12-17,1.259
2024-12-18,1.266
2024-12-19,1.234
2024-12-20,1.207
2024-12-23,1.251
2024-12-24,1.25
2024-12-25,1.261
2024-12-26,1.263
2024-12-27,1.255
2024-12-30,1.239
2024-12-31,1.231
2025-01-02,1.246
2025-01-03,1.24
2025-01-06,1.274
2025-01-07,1.264
2025-01-08,1.257
2025-01-09,1.252
2025-01-10,1.247
2025-01-13,1.216
2025-01-14,1.233
2025-01-15,1.223
2025-01-16,1.249
2025-01-17,1.244
2025-01-20,1.262
2025-01-21,1.264
2025-01-22,1.27
2025-01-23,1.257
2025-01-24,1.259
2025-01-27,1.229
2025-02-05,1.231
2025-02-06,1.243
2025-02-07,1.237
2025-02-10,1.223
2025-02-11,1.222
2025-02-12,1.219
2025-02-13,1.222
2025-02-14,1.231
2025-02-17,1.231
2025-02-18,1.239
2025-02-19,1.233
2025-02-20,1.222
2025-02-21,1.214
2025-02-24,1.195
2025-02-25,1.176
2025-02-26,1.173
2025-02-27,1.18
2025-02-28,1.134
2025-03-03,1.159
2025-03-04,1.137
2025-03-05,1.147
2025-03-06,1.148
2025-03-07,1.125
2025-03-10,1.12
2025-03-11,1.074
2025-03-12,1.08
2025-03-13,1.073
2025-03-14,1.082
2025-03-17,1.086
2025-03-18,1.093
2025-03-19,1.085
2025-03-20,1.11
2025-03-21,1.106
2025-03-24,1.131
2025-03-25,1.145
2025-03-26,1.141
2025-03-27,1.118
2025-03-28,1.111
2025-03-31,1.065
2025-04-01,1.084
2025-04-02,1.09
2025-04-03,1.065
2025-04-07,0.959
2025-04-08,0.994
2025-04-09,0.989
2025-04-10,1.08
2025-04-11,1.068
2025-04-14,1.082
2025-04-15,1.067
2025-04-16,1.043
2025-04-17,1.054
2025-04-18,1.045
2025-04-21,1.039
2025-04-22,1.038
2025-04-23,1.073
2025-04-24,1.059
2025-04-25,1.09
2025-04-28,1.094
2025-04-29,1.093
2025-04-30,1.094
2025-05-06,1.101
2025-05-07,1.104
2025-05-08,1.119
2025-05-09,1.118
2025-05-12,1.139
2025-05-13,1.149
2025-05-14,1.181
2025-05-15,1.174
2025-05-16,1.176
2025-05-19,1.165
2025-05-20,1.177
2025-05-21,1.164
2025-05-22,1.156
2025-05-23,1.152
2025-05-26,1.156
2025-05-27,1.165
2025-05-28,1.178
2025-05-29,1.196
2025-05-30,1.172
2025-06-03,1.176
2025-06-04,1.185
2025-06-05,1.181
2025-06-06,1.177
2025-06-09,1.181
2025-06-10,1.182
2025-06-11,1.186
2025-06-12,1.182
2025-06-13,1.169
2025-06-16,1.179
2025-06-17,1.184
2025-06-18,1.18
2025-06-19,1.173
2025-06-20,1.175
2025-06-23,1.171
2025-06-24,1.2
2025-06-25,1.202
2025-06-26,1.205
2025-06-27,1.218
2025-06-30,1.226
2025-07-01,1.22
2025-07-02,1.22
2025-07-03,1.223
2025-07-04,1.23
2025-07-07,1.229
2025-07-08,1.23
2025-07-09,1.224
2025-07-10,1.231
2025-07-11,1.228
2025-07-14,1.22
2025-07-15,1.239
2025-07-16,1.231
2025-07-17,1.241
2025-07-18,1.249
2025-07-21,1.248
2025-07-22,1.249
2025-07-23,1.247
2025-07-24,1.248
2025-07-25,1.25
2025-07-28,1.263
2025-07-29,1.263
2025-07-30,1.259
2025-07-31,1.279
2025-08-01,1.255
2025-08-04,1.237
2025-08-05,1.26
2025-08-06,1.253
2025-08-07,1.263
2025-08-08,1.267
2025-08-11,1.283
2025-08-12,1.279
2025-08-13,1.293
2025-08-14,1.29
2025-08-15,1.294
2025-08-18,1.283
2025-08-19,1.28
2025-08-20,1.264
2025-08-21,1.268
2025-08-22,1.256
2025-08-25,1.276
2025-08-26,1.268
2025-08-27,1.281
2025-08-28,1.271
2025-08-29,1.271
2025-09-01,1.257
2025-09-02,1.258
2025-09-03,1.256
2025-09-04,1.263
2025-09-05,1.278
2025-09-08,1.272
2025-09-09,1.277
2025-09-10,1.283
2025-09-11,1.282
2025-09-12,1.286
2025-09-15,1.293
2025-09-16,1.303
2025-09-17,1.298
2025-09-18,1.307
2025-09-19,1.31
2025-09-22,1.323
2025-09-23,1.342
2025-09-24,1.329
2025-09-25,1.324
2025-09-26,1.32
2025-09-29,1.34
2025-09-30,1.339
2025-10-09,1.363
2025-10-10,1.366
2025-10-13,1.347
2025-10-14,1.331
2025-10-15,1.353
2025-10-16,1.363
2025-10-17,1.329
2025-10-20,1.369
2025-10-21,1.39
2025-10-22,1.41
2025-10-23,1.41
2025-10-24,1.43
2025-10-27,1.458
2025-10-28,1.456
2025-10-29,1.481
2025-10-30,1.462
2025-10-31,1.458
2025-11-03,1.456
2025-11-04,1.436
2025-11-05,1.425
2025-11-06,1.451
2025-11-07,1.435
2025-11-10,1.462
2025-11-11,1.467
2025-11-12,1.472
2025-11-13,1.467
2025-11-14,1.427
2025-11-17,1.428
2025-11-18,1.381
2025-11-19,1.376
2025-11-20,1.427
2025-11-21,1.383
2025-11-24,1.394
2025-11-25,1.422
2025-11-26,1.443
2025-11-27,1.437
2025-11-28,1.452
2025-12-01,1.439
2025-12-02,1.44
2025-12-03,1.458
2025-12-04,1.458
2025-12-05,1.459
2025-12-08,1.453
2025-12-09,1.432
2025-12-10,1.44
2025-12-11,1.428
2025-12-12,1.431
2025-12-15,1.414
2025-12-16,1.394
2025-12-17,1.407
2025-12-18,1.395
2025-12-19,1.414
2025-12-22,1.441
2025-12-23,1.435
2025-12-24,1.432
2025-12-25,1.426
2025-12-26,1.424
2025-12-29,1.416
2025-12-30,1.42
2025-12-31,1.413
2026-01-05,1.43
2026-01-06,1.43
2026-01-07,1.427
2026-01-08,1.422
2026-01-09,1.418
2026-01-12,1.412
2026-01-13,1.421
2026-01-14,1.413
2026-01-15,1.413
2026-01-16,1.41
2026-01-19,1.395
2026-01-20,1.386
2026-01-21,1.381
2026-01-22,1.409
2026-01-23,1.401
2026-01-26,1.387
2026-01-27,1.403
2026-01-28,1.418
2026-01-29,1.409
2026-01-30,1.396
2026-02-02,1.359
2026-02-03,1.388
2026-02-04,1.379
2026-02-05,1.367
2026-02-06,1.344
2026-02-09,1.371
2026-02-10,1.374
2026-02-11,1.37
2026-02-12,1.369
2026-02-13,1.363
2026-02-24,1.352
2026-02-25,1.353
2026-02-26,1.361
2026-02-27,1.35
2026-03-02,1.337
2026-03-03,1.332
2026-03-04,1.311
2026-03-05,1.343
2026-03-06,1.342
2026-03-09,1.31
2026-03-10,1.332
2026-03-11,1.335
2026-03-12,1.327
2026-03-13,1.315
2026-03-16,1.324
2026-03-17,1.316
2026-03-18,1.333
2026-03-19,1.309
2026-03-20,1.3
2026-03-23,1.257
2026-03-24,1.281
2026-03-25,1.292
2026-03-26,1.281
2026-03-27,1.276
2026-03-30,1.254
2026-03-31,1.251
2026-04-01,1.303
2026-04-02,1.284
2026-04-03,1.284
2026-04-07,1.284
2026-04-08,1.35
2026-04-09,1.336
2026-04-10,1.347
2026-04-13,1.338
2026-04-14,1.359
2026-04-15,1.383
2026-04-16,1.412
2026-04-17,1.404
2026-04-20,1.404
2026-04-21,1.4
2026-04-22,1.407
2026-04-23,1.417
2026-04-24,1.418
2026-04-27,1.45
2026-04-28,1.457
2026-04-29,1.452
2026-04-30,1.456
2026-05-06,1.496
2026-05-07,1.537
2026-05-08,1.54
2026-05-11,1.577
2026-05-12,1.558
2026-05-13,1.571
2026-05-14,1.577
2026-05-15,1.564
2026-05-18,1.524
2026-05-19,1.52
2026-05-20,1.533
2026-05-21,1.561
2026-05-22,1.588
2026-05-25,1.645
2026-05-26,1.614
2026-05-27,1.649
2026-05-28,1.646
2026-05-29,1.694
2026-06-01,1.764
2026-06-02,1.735
2026-06-03,1.707
2026-06-04,1.673
2026-06-05,1.641
2026-06-08,1.569
2026-06-09,1.632
2026-06-10,1.585
2026-06-11,1.576
2026-06-12,1.598
2026-06-15,1.677
2026-06-16,1.692
2026-06-17,1.698
2026-06-18,1.693
2026-06-22,1.686
2026-06-23,1.628
2026-06-24,1.644
2026-06-25,1.657
2026-06-26,1.609
2026-06-29,1.63
2026-06-30,1.648
2026-07-01,1.652
2026-07-02,1.614
2026-07-03,1.622
2026-07-06,1.625
2026-07-07,1.624
2026-07-08,1.595
2026-07-09,1.618
2026-07-10,1.619
2026-07-13,1.608
2026-07-14,1.613
2026-07-15,1.629
2026-07-16,1.61
2026-07-17,1.561
2026-07-20,1.551
2026-07-21,1.589
2026-07-22,1.587
2026-07-23,1.589
2026-07-24,1.569
2026-07-27,1.579
2026-07-28,1.534
2026-07-29,1.538
2026-07-30,1.516
2026-07-31,1.574
2026-08-03,1.585
2026-08-04,1.631
2026-08-05,1.69
2026-08-06,1.67
